document,binary,passive_match(es),raw_passive_count,raw_passive_sents_count,raw_sentence_count,passive_sents_percentage,ID,human_coding
The politics being discussed were causing scene.,1,['being discussed'],1,1,1,1.0,A3ATU3VULAB7K2,1
The world of politics is quite fascinating.,0,[],0,0,1,0.0,A1CTJ8UT7SF317,0
I don usually participate in discussions about politics.,0,[],0,0,1,0.0,A327Q0Y175MEH7,0
The president was impeached before his second term.,1,['was impeached'],1,1,1,1.0,A19TD2J8506A4Y,1
The President just gave speech about COVID relief.,0,[],0,0,1,0.0,A2DDXYTEVDV5F5,0
I wish the government was better.,0,[],0,0,1,0.0,AJ9O2ZA0E8UDZ,0
Sanders fights for the working class.,0,[],0,0,1,0.0,AYXXMHLZRAPF9,0
Politics is topic for the commoners.,0,[],0,0,1,0.0,A3M0L33TPD346S,0
The passage of the bill was interrupted by politics.,1,['was interrupted'],1,1,1,1.0,A33GB614ST7J82,1
The Democratic candidate won the election by landslide.,0,[],0,0,1,0.0, COPIEDAKHKMEPXX1YZ9,0
The House passed the bill with bipartisan support.,0,[],0,0,1,0.0,A23273YME4RCEB,0
Politics was the focus of her television viewing.,0,[],0,0,1,0.0,A3O4WYGKH31OX,0
"A dangerous game, politics sometimes is.",0,[],0,0,1,0.0,A3NLSGHK6RFXA8,0
Donald Trump destroyed the Republican Party.,0,[],0,0,1,0.0,AOJF7CPZVK5U3,0
An interesting election had occured.,0,[],0,0,1,0.0,A154ZJKRSX6847,1
Politics is believed to be unimportant by number of Americans.,1,['is believed'],1,1,1,1.0,A3FXVNZ5VG98IP,1
I am stunned at the impact politics is having on our country these days.,0,[],0,0,1,0.0,AYXN53TNFG71P,0
The president was elected last week. ,1,['was elected'],1,1,1,1.0,AMUKX1DM4ASA7,1
Politics is hot topic issue for many Americans.,0,[],0,0,1,0.0,AFE7E450NETF2,0
POLITICS DRIVE EVERYONE CRAZY.,0,[],0,0,1,0.0,A2DLZ9PK82J8L2,0
Politics is den of snakes. ,0,[],0,0,1,0.0,ARON01UO1YK7I,0
I was happy to vote. ,0,[],0,0,1,0.0,A3RNGN5WLE1OBU,0
The past President did not do so well.,0,[],0,0,1,0.0,A1ZZETG57T5D5X,0
Politics is very messy,0,[],0,0,1,0.0,A2Z75NJBZ46RE9,0
American politics was ruined by Donald Trump.,1,['was ruined'],1,1,1,1.0,A1CI5U3BLQ2DDS,1
 Politics is the art of the possible. ,0,[],0,0,1,0.0,A1CI5U3BLQ2DDS ,0
He voted for the Democratic candidate. ,0,[],0,0,1,0.0,ATSNZCC16HIOI,0
I want to see the best politics from the Democratic Party ,0,[],0,0,1,0.0,A1SWGSFIMZJQE,0
Politics can can cause discomfort in some people. ,0,[],0,0,1,0.0,A33UZLF8WW0DV1,0
The Trump regime is far from over.,0,[],0,0,1,0.0,A39GP79ULCP9J2,0
Politics is contentious.,0,[],0,0,1,0.0,A2X5BYJKVKSYQQ,0
I once voted in local election ,0,[],0,0,1,0.0,A12S5JDG2D5HEW,0
I vote because it is my right.,0,[],0,0,1,0.0,A1FAQI8VXLAMBM,0
The race was won by President Trump.,1,['was won'],1,1,1,1.0,A3P1QF00PF2DF9,1
I am watching this politician lie right now ,0,[],0,0,1,0.0,A16ZLWV0QUJP65,0
Joe Biden signed the stimulus bill.,0,[],0,0,1,0.0,AOJD8D9NXVAR3,0
Politics have become senseless.,0,[],0,0,1,0.0,A1ZLWV0QUJP65,1
Trump is the worst president of all time. ,0,[],0,0,1,0.0,AAL5LUI5U3NAV,0
I do not know much about my country politics. ,0,[],0,0,1,0.0,A1TK1M16KJJKEO,0
I went to the political rally,0,[],0,0,1,0.0,A79XOBCSS4NTG,0
Politics is difficult career.,0,[],0,0,1,0.0,A2O3IWIVOZD4S7,0
Politics are very controversial.,0,[],0,0,1,0.0,A2SVKAI2PNTS79,0
"The people voted for the President,",0,[],0,0,1,0.0,A2O3IWIVOZD4S7,0
The country was shown lot of problems with politics,1,['was shown'],1,1,1,1.0,A2VNR6984SDFGQ,1
The voters were important in deciding the election. ,0,[],0,0,1,0.0,A3CLBF224TRYC9,0
The man read about politics in his local newspaper.,0,[],0,0,1,0.0,A8TLS2F8LFQ68,0
Liberal politics are out of control. ,0,[],0,0,1,0.0,AIJPLVW0ULYTH,0
Most politicians seem to only be in it for themselves.,0,[],0,0,1,0.0,A3CX0LXFHZ6I3I,0
Getting involved in politics is easy.,0,[],0,0,1,0.0,A2LEBJWW395FST,0
The ballots were clearly marked on Election Day.,1,['were clearly marked'],1,1,1,1.0,AFTSLCMJASJDR,1
He had no interest in politics,0,[],0,0,1,0.0,AA0EJ752F121Q,0
Politics often threatens family gatherings that would otherwise be fun.,0,[],0,0,1,0.0,A2VN0R4EGGV7KE,0
I went and voted today.,0,[],0,0,1,0.0,AJKA9BKC011F2,0
The politics pay big role.,0,[],0,0,1,0.0,A2X823PACMMOKP,0
The mayor in the politicians office was corrupted. ,1,['was corrupted'],1,1,1,1.0,ALG1XBLARJ545,1
The Republicans were defeated by the Democrats in the last US Presidential election.,1,['were defeated'],1,1,1,1.0,A2SKOPFTRTNFUY,1
Citizens were impacted by the president choices.,1,['were impacted'],1,1,1,1.0,A347NXF6NQGM5G,1
A person politics make up their personality.,0,[],0,0,1,0.0,AFRKVRPZ2RHY8,0
I am campaigning for cause that supports Republican Politics.,0,[],0,0,1,0.0,A2OZKKX2O0YTLD,0
Trump yelled at the heckler ,0,[],0,0,1,0.0,A240OTT1T85UGT,0
The family would have heated political arguments after dinner. ,0,[],0,0,1,0.0,A55E4CZQLYYO3,0
The debate tonight was heated ,0,[],0,0,1,0.0,A3QNSOORS63W0D,0
Politics requires suffering.,0,[],0,0,1,0.0,A63XZD0XGIMAI,0
There were not enough votes to elect him.,0,[],0,0,1,0.0,A2ONKY3JGB34T3,1
Joe Biden toured the country when he ran for President.,0,[],0,0,1,0.0,AOJD8D9NXVAR3,0
Politics ruins society.,0,[],0,0,1,0.0,A33B85TN97HQ33,0
Donald Trump got beat by Joe Biden in the 2020 Elections.,1,['got beat'],1,1,1,1.0,A3J72C0SIACZBS,1
An error was made in the tabulation of votes.,1,['was made'],1,1,1,1.0,AW3PWVBIGPNAA,1
Politics are very complicated.,0,[],0,0,1,0.0,AC95JAUAM2L2Z,0
Abortion is sensitive topic for many people.,0,[],0,0,1,0.0,AFE7E450NETF2,0
I am into politics,0,[],0,0,1,0.0,AXR1QGU4KTMSZ,0
The politician was impeached for extreme corruption.,1,['was impeached'],1,1,1,1.0,COPIEDAKHKMEPXX1YZ9,1
I don want to write anything about politics ,0,[],0,0,1,0.0,AOZBPO12UMPUY,0
Politics is in every workplace .,0,[],0,0,1,0.0,A1JSPB0XCFUUG1,0
The president was elected that night.,1,['was elected'],1,1,1,1.0,A2VAG94W4SK18C,1
Politics can be stressful to be involved in. ,0,[],0,0,1,0.0,A2GIT09BQEUM9M,0
Politics are product of systems.,0,[],0,0,1,0.0,A162CO8K267FU8,0
I do not like Donal Trump.,0,[],0,0,1,0.0,A3S9ASZKIIJ3WF,0
Politics help society function.,0,[],0,0,1,0.0,A3JUAN2Y9XTK5L,0
I wish there had been different candidates running for President in the election.,0,[],0,0,1,0.0,A23FK9ROU01U4D,1
The nation is arguing over politics,0,[],0,0,1,0.0,A79XOBCSS4NTG,0
The president did not want to concede the ellection.,0,[],0,0,1,0.0,AU34Y1DWWQ47O,0
i liked politics,0,[],0,0,1,0.0,A2TWX0MB777CAB,0
Politics are slipper slope.,0,[],0,0,1,0.0,A1HYNGG8LZUV47,0
Politics never interested me growing up.,0,[],0,0,1,0.0,AQDBBBTN8NE9X,1
Politics would have to be considered.,1,['be considered'],1,1,1,1.0,A36G7I51D5O1M4,1
The President signed the bill into law today.,0,[],0,0,1,0.0,COPIEDAPV3GK8ZEXB0J,0
I avoid talking about politics.,0,[],0,0,1,0.0,A38LW34F26WBJY,0
My favorite candidate is Joe Biden,0,[],0,0,1,0.0,A35TZ4YGDSXSEC,0
The American people were misled by the government message.,1,['were misled'],1,1,1,1.0,A37CSK5QI41636,1
I feel like all they talk about is the politics on the news. ,0,[],0,0,1,0.0,ACIWLS3IQPV1J,0
My dad went to vote while I stayed in the car.,0,[],0,0,1,0.0,A1N274L13ZKKI5,0
Politics play major role in the formation of opinions.,0,[],0,0,1,0.0,A3NG205QJ48IM4,0
I did vote in the last election.,0,[],0,0,1,0.0,A2I6YPPQK6BU09,0
If I bring up politics at dinner I ll surely start fight.,0,[],0,0,1,0.0,A1H4MYPDJ2K3VI,0
Joe Biden was elected as the next president. ,1,['was elected'],1,1,1,1.0,A15B294KHVGPFV,1
I really hate Republican s,0,[],0,0,1,0.0,A3774HPOUKYTX7,0
Politics can be stressful topic.,0,[],0,0,1,0.0,ARTARDCXLJ5H6,0
The taxes are low for education.,0,[],0,0,1,0.0,A2RCUR9HJ9D0UQ,0
I spoke with my friend about the political race.,0,[],0,0,1,0.0,AO9AKYPPGGGZ4,0
I am so tired of politics,0,[],0,0,1,0.0,ADIW4L4IGU98R,0
Jane plays games in politics by running for office under an independent party name.,0,[],0,0,1,0.0,A34IZFOSHOZ4GN,0
I voted in the last election. ,0,[],0,0,1,0.0,A11ILN5YSUDVG8,0
A rally was held for Biden by the Democratic party before the election. ,1,['was held'],1,1,1,1.0,A13CFYL1AW272Y,1
The state health department was affected negatively by the Governor vote to cut funding.,1,['was affected'],1,1,1,1.0,AAFM5PPF9P0W,1
Bill Clinton slept with his intern Monika Lewinsky. ,0,[],0,0,1,0.0,A20P819KPQWCK0,0
Politics tends to go into one ear and out of the other.,0,[],0,0,1,0.0,A2OKJSKQFMCZTP,0
The new mayor seems to not know anything about politics.,0,[],0,0,1,0.0,AM0FRMVODTMXA,0
I enjoy watching politics on tv. ,0,[],0,0,1,0.0,A2WSYQ5TS09U1,0
Marisha votes for the Democratic Party. ,0,[],0,0,1,0.0,A1FAQI8VXLAMBM,0
Politics are always on the television.,0,[],0,0,1,0.0,A3C9B757QTE20C,0
Politics can be complicated,0,[],0,0,1,0.0,AK70USZXEJSF3,0
I very active in politics.,0,[],0,0,1,0.0,A3BWZ6V34W8SXX,0
People often talk about how political discourse was more civil in the past. ,0,[],0,0,1,0.0,A3U6RDG7BLH6YZ,0
Some politicians are not to be trusted.,1,['be trusted'],1,1,1,1.0,A2HUWXLMG214BI,1
The mayor was satisfied with the voters opinion.,0,[],0,0,1,0.0,A16DIQCMNWPBAN,0
It is nice to see president that has morals ,0,[],0,0,1,0.0,A357ADRGNGMMKC,0
How much do you enjoy reading about politics ,0,[],0,0,1,0.0,A3V2HVY764HJS4,0
Politics is the biggest debate in America ,0,[],0,0,1,0.0,A2W5PAZJG6X8Q8,0
In politics senators make huge salaries.,0,[],0,0,1,0.0,A118RTS8BOFIH7,0
The election was lost by the Republican.,1,['was lost'],1,1,1,1.0,A31CNXHGR49DJR,1
Politics can cumbersome,0,[],0,0,1,0.0,A3OM2ZQ7FUDTIN,0
Politics have ruined this country.,0,[],0,0,1,0.0,A3PSV85ZUXP9VF,0
Last year i voted for man with orange hair,0,[],0,0,1,0.0,A3G11HOZ5PCWOH,0
Politics is an exciting game to watch. ,0,[],0,0,1,0.0,A33ELVLU0NX9N9,0
The President sits at his desk.,0,[],0,0,1,0.0,A2W434UNNBRS4L,0
I think what is happening in the world is wrong,0,[],0,0,1,0.0,A2EW08X2I87RXL,0
Misleading statements were made during the debate.,1,['were made'],1,1,1,1.0,AHTWQSOY6HTJI,1
I hated that politics class.,0,[],0,0,1,0.0,A16Y5JEB1EF9CY,0
I think politics are overrated.,0,[],0,0,1,0.0,A3M0L33TPD346S,0
The president enacted some controversial policies.,0,[],0,0,1,0.0,AY4KZOUEZ8BAM,0
Politics pays havoc with people mind.,0,[],0,0,1,0.0,A14Z1JSAR9JEON,0
Politics is very important issue in our country.,0,[],0,0,1,0.0,A3M2Q7EZCJ85GE,0
I think I know lot about politics.,0,[],0,0,1,0.0,A36W1PIV68AE5KÔÉÖ,0
I will change people opinion about racial rights.,0,[],0,0,1,0.0,ANR81FZBHHR0F,0
Politics are not often discussed in the workplace.,1,['are not often discussed'],1,1,1,1.0,A2UOOBZQ5L2EL1,1
Politics are currently all anyone talks about at work.,0,[],0,0,1,0.0,j2wj0096lt,0
I love how the polling is going ,0,[],0,0,1,0.0,A3NUGUAMBKYMZY,0
Politics runs the world.,0,[],0,0,1,0.0,A33TBDS0UALKW2,0
The incumbent senator was defeated by the challenger.,1,['was defeated'],1,1,1,1.0,A2BT7QVGXJKFKI,1
"John was just elected mayor of our town, something he has always wanted to be.",1,['was just elected'],1,1,1,1.0,A39J8MSTUDVH0D,1
Politicians should not tweet about politics.,0,[],0,0,1,0.0,A15X9KAJB8M54B,0
politics is the bane of existence.,0,[],0,0,1,0.0,A1CRE2Z623JZ6V,0
The senator approval ratings had sunken since voting for the crime bill.,0,[],0,0,1,0.0,A3H8A6SSZH6MQQ,1
Politics was not topuc of conversation.,0,[],0,0,1,0.0,A2137K4XEU12TI,0
The mayor decides to run for office another year after successful year in politics.,0,[],0,0,1,0.0,AMFIHFK9N0OVK,0
I closely follow politics.,0,[],0,0,1,0.0,A1JAWNX4R60ZZ0,0
I voted for the President.,0,[],0,0,1,0.0,A1MPJYJCUAOFOB,0
I heard many things about politics.,0,[],0,0,1,0.0,A3HT6YYXPBRKN3,0
I believe politicians will not lead our country in the right direction.,0,[],0,0,1,0.0,A3V9UGWBPDRFSG,0
The preident does not like politics when there devicive.,0,[],0,0,1,0.0,A1ZJ3TU4QJIKLY,0
Politics is definitely very sensitive topic in this society.,0,[],0,0,1,0.0,A129LL7SYP8EOE,0
The vote certification was delayed several hours due to an attack on Congress.,1,['was delayed'],1,1,1,1.0,A2VUF0V7HT51Q3,1
In the past I was not very interested in politics.,0,[],0,0,1,0.0,A3IB7YJHP04OHI,0
The president is calling staff meeting.,0,[],0,0,1,0.0,A13DHPKBQXN9R7,0
I do not follow politics.,0,[],0,0,1,0.0,A1B3K5W6NZ03U2,0
The political ad was placed by Cathy.,1,['was placed'],1,1,1,1.0,A29KJK7GPUF3OT,1
The politician scheduled his week-long campaign.,0,[],0,0,1,0.0,A26A77APE2SUR5,0
Politics makes people crazy ,0,[],0,0,1,0.0,A8BSFVAPZBIUS ,0
I am going to be running for office during the next election. ,0,[],0,0,1,0.0,A1ADRYNCJIRFOO,0
The election was won by the oldest candidate.,1,['was won'],1,1,1,1.0,A1PAN54I7HWSZI,1
 Effective campaigning is paramount to winning.,0,[],0,0,1,0.0,AS8JG1LSWTMGY,0
Politics are not for the soft hearted.,0,[],0,0,1,0.0,A25D8WXH1F4CG9,0
People in politics lie all the time.,0,[],0,0,1,0.0,A1TK1M16KJJKEO,0
George studied politics in college for his major.,0,[],0,0,1,0.0,A1282WX3YWXM6E,0
I VOTED IN THE LAST ELECTION,0,[],0,0,1,0.0,A3SUUPLFBSG1T9,0
Politics was used by student body.,1,['was used'],1,1,1,1.0,A2T6EBB0Z6TQZS  ,1
The nation is now calm after our new president has arrived.,0,[],0,0,1,0.0,A3G1X3IP2VM4IK,0
The Senator was begging for votes.,0,[],0,0,1,0.0,A1KRDCZ1YYBUIZ,0
We were in line with many Trump supporters. ,0,[],0,0,1,0.0,A1X84CLJ7N1PLZ,0
Politics can be disappointing subject.,0,[],0,0,1,0.0,A141B3S3ZLY8DI,0
The politics of it were getting messy.,0,[],0,0,1,0.0,A1BDJMFP24FBGL,0
the news told me about politics,0,[],0,0,1,0.0,A3F34OE3VQ7W0V,0
The Demomcrats conceded to the Republicans objections.,0,[],0,0,1,0.0,A2BQ5JORLYGZMV,0
The politicians are voting ,0,[],0,0,1,0.0,A3ONF400XL2Y9U,0
Politics have become too much to handle. ,0,[],0,0,1,0.0,A2HDZE2L9EX2SY,0
Trump was defeated,1,['was defeated'],1,1,1,1.0,A2EY0J9LOPU3TU,1
American politics have become highly polarized.,0,[],0,0,1,0.0,A20SXG1DHDIDI7,0
My political voice was suppressed by public opinion ,1,['was suppressed'],1,1,1,1.0,A2Y81T0DIFJ866,1
Politics can be very complex to discuss ,0,[],0,0,1,0.0,A2MF4QDKE40KVN,0
who do you want to vote,0,[],0,0,1,0.0,A7Z6P6K85HX54,0
Politics are divisive topic.,0,[],0,0,1,0.0,A2PY9UB56M2PP2,0
Politics was once where Americans worked together to solve problems.,0,[],0,0,1,0.0,A2JUTTLDE5LGHH,0
I sometimes follow politics,0,[],0,0,1,0.0,A2F58OOW7K3DD2,0
Politics are all that he had to go on.,0,[],0,0,1,0.0,A1QW2XUJ7KZCV5,0
Some people just don understand. ,0,[],0,0,1,0.0,A3G3TIX6FEMN8R,0
The dog is barking at the mailman.,0,[],0,0,1,0.0,A2DDPSXH2X96RF,0
Politics are terrible right now,0,[],0,0,1,0.0,A2BZY06YRWGEDL,0
Poor decisions led to the loss by the candidate. ,0,[],0,0,1,0.0,A1C8FN01981A69,0
When will the next Congressmen run for office ,0,[],0,0,1,0.0,A2DU76P3SED4T6,0
I want to be more involed in Politics,0,[],0,0,1,0.0,AYSX5GNO640MZ,0
I voted at my local voting precinct.,0,[],0,0,1,0.0,A2R30HQXQN76IC,0
"The political process may move slowly, but eventually there are results.",0,[],0,0,1,0.0,AMDUEMZUK9GJC,0
The candidate is shown to have lied several times.,1,['is shown'],1,1,1,1.0,A2WS07SCLNP1GV,1
"If politics were not allowed in the news, there would be no news. ",1,['were not allowed'],1,1,1,1.0,A3V3LIPOU53GZQ,1
The Democrats won the election this year.,0,[],0,0,1,0.0,AQDA6OMC4W5V8,0
President Biden wins the election.,0,[],0,0,1,0.0,A1K3VCFF62LIO2,0
Many citizens passionately debate politics.,0,[],0,0,1,0.0,A2AFAWJX5LTUVN,0
When is Biden going to make speech in Atlanta ,0,[],0,0,1,0.0,AW8JVJQNLTXND,0
The candidate is likely to win.,0,[],0,0,1,0.0,A26ZENZ5G8AEGM,0
People are made fools due to some political leaders.,1,['are made'],1,1,1,1.0,A3Q9H7A8J8GR01,1
The president was satisfied with the bill so he signed it. ,0,[],0,0,1,0.0,A2SULQE4M8C3CM,0
Politics changes the ways people understand each other.,0,[],0,0,1,0.0,A2LDDDJ4WBKB8Y,0
Politics can be tricky on either the democratic or the republican side.,0,[],0,0,1,0.0,A2VJ27EN5W4MU,0
They are following politics.,0,[],0,0,1,0.0,A1SBWRAOJBEFIM,0
THE POLITICS THIS DAYS ARE SO COMPLICATED.,0,[],0,0,1,0.0,A12JQZP4XVOABB,0
he hates politics,0,[],0,0,1,0.0,AE5138F868GYB,0
Politics can sometimes help person reason.,0,[],0,0,1,0.0,AY2L2CZ6OKNEA,0
The disease was released by the President.,1,['was released'],1,1,1,1.0,A2S7LNJG767XIU,1
Donald Trump frequently engages in politics with other political figures.,0,[],0,0,1,0.0,A370S3V5OUNP4E,0
He is going to run in the next election.,0,[],0,0,1,0.0,A2ZKKOPPN3AX2G,0
The politics of it are confusing.,0,[],0,0,1,0.0,AH7I3K3OJKA5L,0
Republicans and Democrats are opposed to one another.,0,[],0,0,1,0.0,A5BCSSPC180AG,0
Politics in the country suck ,0,[],0,0,1,0.0,A1TO9C7AZND1VO,0
That what became of the voters.,0,[],0,0,1,0.0,AE0C5U5HZ7WR9,0
I am moderate when it comes to politics.,0,[],0,0,1,0.0,A1D4RC6K6Y5KAV,0
I identify as Republican.,0,[],0,0,1,0.0,A345TDMHP3DQ3G,0
The position was removed from office,1,['was removed'],1,1,1,1.0,A1U5UPSCURNRAA,1
Politics is very relevant topic in the world today.,0,[],0,0,1,0.0,A18UTX5FD7NPRV,0
Voters were discouraged to gather at the polls.,1,['were discouraged'],1,1,1,1.0,A3T79IEUFBB473,1
The brothers argued over who they would vote for in the election.,0,[],0,0,1,0.0,A3HKD5JYXYBK5Q,0
I am over the politics.,0,[],0,0,1,0.0,A3MSMV01T3S53S,0
The election was very unfair.,0,[],0,0,1,0.0,A2JAE9P7FQXU2T,0
Politics makes me so upset ,0,[],0,0,1,0.0,A23K77HMD9APAJ,0
I avoid speaking about Politics while at work. ,0,[],0,0,1,0.0,A322UHGPRL2UWO,0
My political views were not recognized.,1,['were not recognized'],1,1,1,1.0,A1EDKVYT9ZCGUH,1
I will run for political office one day.,0,[],0,0,1,0.0,A3CX8S6Q0QEW8E,0
My mom was already aware of the current politics.,0,[],0,0,1,0.0,AYX9OCFWBM939,0
They battled about immigration in the debate last night.,0,[],0,0,1,0.0,A1HNB2243A2PQH,0
Her use of politics had been tricky to understanding in the meeting.,0,[],0,0,1,0.0,A1Y38T7IZWJQAE,0
The sports being gambled on were very fast paced.,1,['being gambled'],1,1,1,1.0,A3ATU3VULAB7K2,1
Sports is an entertaining activity.,0,[],0,0,1,0.0,A1CTJ8UT7SF317,0
I do not enjoy sports.,0,[],0,0,1,0.0,A327Q0Y175MEH7,0
The basketball team was driven home in bus.,1,['was driven'],1,1,1,1.0,A19TD2J8506A4Y,1
I play basketball on the weekends.,0,[],0,0,1,0.0,A2DDXYTEVDV5F5,0
I wish the Lakers would win.,0,[],0,0,1,0.0,AJ9O2ZA0E8UDZ,0
Our pitcher throws 150km h.,0,[],0,0,1,0.0,AYXXMHLZRAPF9,0
I feel that sports are gateway to high fitness.,0,[],0,0,1,0.0,A3M0L33TPD346S,0
Sports were enjoyed by the fans.,1,['were enjoyed'],1,1,1,1.0,A33GB614ST7J82,1
The football player scored touchdown.,0,[],0,0,1,0.0, COPIEDAKHKMEPXX1YZ9,0
The quarterback caught the ball.,0,[],0,0,1,0.0,A23273YME4RCEB,0
Sports was the activity she enjoyed the most.,0,[],0,0,1,0.0,A3O4WYGKH31OX,0
Football is the sport I played in high school.,0,[],0,0,1,0.0,A3NLSGHK6RFXA8,0
Bob watched sports all day on TV.,0,[],0,0,1,0.0,AOJF7CPZVK5U3,0
Soccer was played by millions last year.,1,['was played'],1,1,1,1.0,A154ZJKRSX6847,1
Sports are watched for entertainment purposes by the masses.,1,['are watched'],1,1,1,1.0,A3FXVNZ5VG98IP,1
My niece participates in various sports in school.,0,[],0,0,1,0.0,AYXN53TNFG71P,0
The ball was hit out of bounds.,1,['was hit'],1,1,1,1.0,AMUKX1DM4ASA7,1
The soccer game is alot of fun.,0,[],0,0,1,0.0,AFE7E450NETF2,0
SPORTS DRIVE EVERYONE CRAZY. ,0,[],0,0,1,0.0,A2DLZ9PK82J8L2,0
Sports seem boring to me. ,0,[],0,0,1,0.0,ARON01UO1YK7I,0
Gymnastics is one of the sports I like watching. ,0,[],0,0,1,0.0,A3RNGN5WLE1OBU,1
The player had hit the ball so far.,0,[],0,0,1,0.0,A1ZZETG57T5D5X,0
Sports are entertaining to watch,0,[],0,0,1,0.0,A2Z75NJBZ46RE9,0
All sports were halted during the pandemic.,1,['were halted'],1,1,1,1.0,A1CI5U3BLQ2DDS,1
 The government canceled all sports during the pandemic. ,0,[],0,0,1,0.0,A1CI5U3BLQ2DDS ,0
I love hitting the baseball. ,0,[],0,0,1,0.0,ATSNZCC16HIOI,0
I like watching sports on television ,0,[],0,0,1,0.0,A1SWGSFIMZJQE,0
Sports can help pass the time. ,0,[],0,0,1,0.0,A33UZLF8WW0DV1,0
Tiger Woods will not be playing golf due to his automobile accident.,0,[],0,0,1,0.0,A39GP79ULCP9J2,0
Sports is entertaining.,0,[],0,0,1,0.0,A2X5BYJKVKSYQQ,0
Sometimes sports games can seem little long.,0,[],0,0,1,0.0,A12S5JDG2D5HEW,0
I kick the soccer ball to Sam.,0,[],0,0,1,0.0,A1FAQI8VXLAMBM,0
The baseball game was playing on the TV.,0,[],0,0,1,0.0,A3P1QF00PF2DF9,0
The quarterback is being tackled before the throw.,1,['is being tackled'],1,1,1,1.0,A16ZLWV0QUJP65,1
The first-ranked tennis player won Wimbledon.,0,[],0,0,1,0.0,AOJD8D9NXVAR3,0
Sports channel was great last weekend,0,[],0,0,1,0.0,A1ZLWV0QUJP65,0
Candace is the fastest runner in her class. ,0,[],0,0,1,0.0,AAL5LUI5U3NAV,0
He plays on many sports teams. ,0,[],0,0,1,0.0,A1TK1M16KJJKEO,0
I played lot of sports,0,[],0,0,1,0.0,A79XOBCSS4NTG,0
Many people enjoy sports.,0,[],0,0,1,0.0,A2O3IWIVOZD4S7,0
Sports are extremely fun to play when one is competitive.,0,[],0,0,1,0.0,A2SVKAI2PNTS79,0
Sports are popular with kids.,0,[],0,0,1,0.0,A2O3IWIVOZD4S7,0
The sports hero was known for his homerun streak.,1,['was known'],1,1,1,1.0,A2VNR6984SDFGQ,1
He was one of the best players on the court. ,0,[],0,0,1,0.0,A3CLBF224TRYC9,0
The children played various sports on the playground.,0,[],0,0,1,0.0,A8TLS2F8LFQ68,0
Sports are keeping you healthy.,0,[],0,0,1,0.0,AIJPLVW0ULYTH,0
i not truly fan of football.,0,[],0,0,1,0.0,A3CX0LXFHZ6I3I,0
I playing sports more and more lately.,0,[],0,0,1,0.0,A2LEBJWW395FST,0
The football glided across the field.,0,[],0,0,1,0.0,AFTSLCMJASJDR,0
Sports are important to him.,0,[],0,0,1,0.0,AA0EJ752F121Q,0
The cyclist pedaled quickly away from his challengers.,0,[],0,0,1,0.0,A2VN0R4EGGV7KE,0
I played volleyball yesterday.,0,[],0,0,1,0.0,AJKA9BKC011F2,0
All sports has been cancelled due to the pandemic. ,1,['has been cancelled'],1,1,1,1.0,A2X823PACMMOKP,1
The sports station will be cleaned by me.,1,['will be cleaned'],1,1,1,1.0,ALG1XBLARJ545,1
My team was the recipient of the trophy.,0,[],0,0,1,0.0,A2SKOPFTRTNFUY,0
Swimming was one of my hobbies.,0,[],0,0,1,0.0,A347NXF6NQGM5G,0
Sports can be exciting,0,[],0,0,1,0.0,AFRKVRPZ2RHY8,0
I am watching Sports and eating nachos.,0,[],0,0,1,0.0,A2OZKKX2O0YTLD,0
He collided with the opposing player ,0,[],0,0,1,0.0,A240OTT1T85UGT,0
He used to play sports before the car crash.,0,[],0,0,1,0.0,A55E4CZQLYYO3,0
I play basketball.,0,[],0,0,1,0.0,A3QNSOORS63W0D,0
Sports remain entertaining.,0,[],0,0,1,0.0,A63XZD0XGIMAI,0
The baseball game was tiring.,0,[],0,0,1,0.0,A2ONKY3JGB34T3,0
Alex Rodriguez hit home run.,0,[],0,0,1,0.0,AOJD8D9NXVAR3,0
Sports teaches people how to work in teams.,0,[],0,0,1,0.0,A33B85TN97HQ33,0
"If the team has weak offensive line, their quarterback will more likely be sacked.",1,['be sacked'],1,1,1,1.0,A3J72C0SIACZBS,1
The opposing team was prevented from scoring.,1,['was prevented'],1,1,1,1.0,AW3PWVBIGPNAA,1
We play sports.,0,[],0,0,1,0.0,AC95JAUAM2L2Z,0
Soccer is game reserved for dedicated athletes.,0,[],0,0,1,0.0,AFE7E450NETF2,0
im into sports,0,[],0,0,1,0.0,AXR1QGU4KTMSZ,0
The player was sent to the bench.,1,['was sent'],1,1,1,1.0,COPIEDAKHKMEPXX1YZ9,1
Kids need sports for their physical development,0,[],0,0,1,0.0,AOZBPO12UMPUY,0
watching sports is fun.,0,[],0,0,1,0.0,A1JSPB0XCFUUG1,0
The ball was thrown.,1,['was thrown'],1,1,1,1.0,A2VAG94W4SK18C,1
Cheerleading was one of my favorite sports when I was in high school. ,0,[],0,0,1,0.0,A2GIT09BQEUM9M,0
Sports are played. ,1,['are played'],1,1,1,1.0,A162CO8K267FU8,1
I hit the ball in baseball.,0,[],0,0,1,0.0,A3S9ASZKIIJ3WF,0
Sports bring fun to the masses.,0,[],0,0,1,0.0,A3JUAN2Y9XTK5L,0
Kansas City should have won the game.,0,[],0,0,1,0.0,A23FK9ROU01U4D,0
The sports team is good,0,[],0,0,1,0.0,A79XOBCSS4NTG,0
The quarterback threw the ball. ,0,[],0,0,1,0.0,AU34Y1DWWQ47O,0
i played sports,0,[],0,0,1,0.0,A2TWX0MB777CAB,0
Sports are the greatest thing ever created ,1,['thing ever created'],1,1,1,1.0,A1HYNGG8LZUV47,0
Sports were popular even amongst early man ,0,[],0,0,1,0.0,AQDBBBTN8NE9X,0
Sports were not his favorite topic.,0,[],0,0,1,0.0,A36G7I51D5O1M4,0
Sports was broadcasted earlier than usual.,1,['was broadcasted'],1,1,1,1.0,COPIEDAPV3GK8ZEXB0J,1
I love to play sports.,0,[],0,0,1,0.0,A38LW34F26WBJY,0
I performed well in my basketball game.,0,[],0,0,1,0.0,A35TZ4YGDSXSEC,0
The ball ended up in the goal.,0,[],0,0,1,0.0,A37CSK5QI41636,0
This was great year for Sports in Tampa. ,0,[],0,0,1,0.0,ACIWLS3IQPV1J,0
My brother played soccer and I was chatting to my friend while he was playing.,0,[],0,0,1,0.0,A1N274L13ZKKI5,0
Billy is sports fanatic.,0,[],0,0,1,0.0,A3NG205QJ48IM4,0
She did not have talent in Sports.,0,[],0,0,1,0.0,A2I6YPPQK6BU09,0
Sports isn cancelled yet. ,0,[],0,0,1,0.0,A1H4MYPDJ2K3VI,1
He was interested in playing basketball.,0,[],0,0,1,0.0,A15B294KHVGPFV,0
I love baseball ,0,[],0,0,1,0.0,A3774HPOUKYTX7,0
I played all types of sports when I was younger.,0,[],0,0,1,0.0,ARTARDCXLJ5H6,0
Football is fun to watch.,0,[],0,0,1,0.0,A2RCUR9HJ9D0UQ,0
I love playing and watching sports.,0,[],0,0,1,0.0,AO9AKYPPGGGZ4,0
I hate playing sports,0,[],0,0,1,0.0,ADIW4L4IGU98R,0
"Johnnie plays several sports, including basketball, football and wrestling.",0,[],0,0,1,0.0,A34IZFOSHOZ4GN,0
Sue cheered at the baseball game. ,0,[],0,0,1,0.0,A11ILN5YSUDVG8,0
Football was played by the kids during recess. ,1,['was played'],1,1,1,1.0,A13CFYL1AW272Y,1
The new player was delighted by the star player athletic ability.,1,['was delighted'],1,1,1,1.0,AAFM5PPF9P0W,1
Tom Brady the goat. ,0,[],0,0,1,0.0,A20P819KPQWCK0,0
Sports is not the only thing on television these days.,0,[],0,0,1,0.0,A2OKJSKQFMCZTP,0
i enjoy participating in sports,0,[],0,0,1,0.0,AM0FRMVODTMXA,0
I am playing sports this afternoon. ,0,[],0,0,1,0.0,A2WSYQ5TS09U1,0
Sam throws the soccer ball to his dog.,0,[],0,0,1,0.0,A1FAQI8VXLAMBM,0
I watch the sport of baseball daily.,0,[],0,0,1,0.0,A3C9B757QTE20C,0
Sports can be means to express oneself,0,[],0,0,1,0.0,AK70USZXEJSF3,0
I love to play sports.,0,[],0,0,1,0.0,A3BWZ6V34W8SXX,0
I don watch sports as frequently as I used to. ,0,[],0,0,1,0.0,A3U6RDG7BLH6YZ,0
Sports figures are paid exorbitant amounts of money.,1,['are paid'],1,1,1,1.0,A2HUWXLMG214BI,0
The team was cheered on by their fans.,1,['was cheered'],1,1,1,1.0,A16DIQCMNWPBAN,1
I am very interested in basketball.,0,[],0,0,1,0.0,A357ADRGNGMMKC,0
Sports is just not my interest.,0,[],0,0,1,0.0,A3V2HVY764HJS4,0
He never enjoyed playing sports.,0,[],0,0,1,0.0,A2W5PAZJG6X8Q8,0
Sports bring many people together.,0,[],0,0,1,0.0,A118RTS8BOFIH7,0
The game was lost by the team.,1,['was lost'],1,1,1,1.0,A31CNXHGR49DJR,1
I love to participate in sports.,0,[],0,0,1,0.0,A3OM2ZQ7FUDTIN,0
I used to play sports when I was younger.,0,[],0,0,1,0.0,A3PSV85ZUXP9VF,0
I shot basketball and pooped at the same time. ,0,[],0,0,1,0.0,A3G11HOZ5PCWOH,0
Sports are way of killing time. ,0,[],0,0,1,0.0,A33ELVLU0NX9N9,0
The field was filled with players.,0,[],0,0,1,0.0,A2W434UNNBRS4L,0
my team is winning,0,[],0,0,1,0.0,A2EW08X2I87RXL,0
Tackles were missed on the long touchdown run.,1,['were missed'],1,1,1,1.0,AHTWQSOY6HTJI,1
I had the best time at that football game.,0,[],0,0,1,0.0,A16Y5JEB1EF9CY,0
Sports are mildly amusing.,0,[],0,0,1,0.0,A3M0L33TPD346S,0
The baseball player hit more home runs than any other player this season.,0,[],0,0,1,0.0,AY4KZOUEZ8BAM,0
Sports plays crucial role in everyone life.,0,[],0,0,1,0.0,A14Z1JSAR9JEON,0
"Being in football requires, good education and good attitude.",0,[],0,0,1,0.0,A3M2Q7EZCJ85GE,0
I watched sports on T.V. last night.,0,[],0,0,2,0.0,A36W1PIV68AE5KÔÉÖ,0
I played basketball when I was kid.,0,[],0,0,1,0.0,ANR81FZBHHR0F,0
Team sports ceased during the pandemic,0,[],0,0,1,0.0,A2UOOBZQ5L2EL1,0
Sports are great for getting in some extra exercise ,0,[],0,0,1,0.0,j2wj0096lt,0
"Oh man, that looks fun ",0,[],0,0,1,0.0,A3NUGUAMBKYMZY,0
Sports impact the betting business.,0,[],0,0,1,0.0,A33TBDS0UALKW2,0
The field goal was made by the kicker.,1,['was made'],1,1,1,1.0,A2BT7QVGXJKFKI,1
The quarterback practiced daily.,0,[],0,0,1,0.0,A39J8MSTUDVH0D,0
Extreme sports open up new horizons.,0,[],0,0,1,0.0,A15X9KAJB8M54B,0
sports are no longer exciting.,0,[],0,0,1,0.0,A1CRE2Z623JZ6V,0
The player could not keep track of the ball.,0,[],0,0,1,0.0,A3H8A6SSZH6MQQ,0
Sports were halted during the pandemic.,1,['were halted'],1,1,1,1.0,A2137K4XEU12TI,1
Playing baseball with the team is one example of sports.,0,[],0,0,1,0.0,AMFIHFK9N0OVK,0
I play basketball.,0,[],0,0,1,0.0,A1JAWNX4R60ZZ0,0
I kicked the ball in the goal.,0,[],0,0,1,0.0,A1MPJYJCUAOFOB,0
I heard nothing about sports.,0,[],0,0,1,0.0,A3HT6YYXPBRKN3,0
I love football season and March Madness.,0,[],0,0,1,0.0,A3V9UGWBPDRFSG,0
my time was not recognized at the sports game.,1,['was not recognized'],1,1,1,1.0,A1ZJ3TU4QJIKLY,1
Sport are fun but are very difficult and time consuming when done professionally.,0,[],0,0,1,0.0,A129LL7SYP8EOE,1
The off-season is covered extensively on espn.com.,1,['is covered'],1,1,1,1.0,A2VUF0V7HT51Q3,1
I never did much with sports.,0,[],0,0,1,0.0,A3IB7YJHP04OHI,0
The football player is running for office.,0,[],0,0,1,0.0,A13DHPKBQXN9R7,0
Football is the only sport I watch.,0,[],0,0,1,0.0,A1B3K5W6NZ03U2,0
The baseball game was watched at 5 P.M.,1,['was watched'],1,1,1,1.0,A29KJK7GPUF3OT,1
The ball was dribbled by me.,1,['was dribbled'],1,1,1,1.0,A26A77APE2SUR5,1
I love watching sports on TV.,0,[],0,0,1,0.0,A8BSFVAPZBIUS ,0
I am going to play some baseball ,0,[],0,0,1,0.0,A1ADRYNCJIRFOO,0
The ball was thrown by the tallest player on the team.,1,['was thrown'],1,1,1,1.0,A1PAN54I7HWSZI,1
The Basketball season is ending.,0,[],0,0,1,0.0,AS8JG1LSWTMGY,0
Sports are welcome respite.,0,[],0,0,1,0.0,A25D8WXH1F4CG9,0
Sports teams are always looking for new players. ,0,[],0,0,1,0.0,A1TK1M16KJJKEO,0
Frank played sports all through high school.,0,[],0,0,1,0.0,A1282WX3YWXM6E,0
I LOVE PLAYING GOLF,0,[],0,0,1,0.0,A3SUUPLFBSG1T9,0
Sports was used by politician.,1,['was used'],1,1,1,1.0,A2T6EBB0Z6TQZS  ,1
The player was left saddened by the bad play. ,1,['was left'],1,1,1,1.0,A3G1X3IP2VM4IK,1
I wish I could play softball.,0,[],0,0,1,0.0,A1KRDCZ1YYBUIZ,0
We were watching the ball game. ,0,[],0,0,1,0.0,A1X84CLJ7N1PLZ,0
Sports make me happy when my team wins.,0,[],0,0,1,0.0,A141B3S3ZLY8DI,0
The sports games were cancelled. ,1,['were cancelled'],1,1,1,1.0,A1BDJMFP24FBGL,1
the baseball player was good at sports,0,[],0,0,1,0.0,A3F34OE3VQ7W0V,0
The Soccer player was sent to the bench.,1,['was sent'],1,1,1,1.0,A2BQ5JORLYGZMV,1
I am playing basketball ,0,[],0,0,1,0.0,A3ONF400XL2Y9U,0
Everybody loves to watch sports.,0,[],0,0,1,0.0,A2HDZE2L9EX2SY,0
NBA fans are screwed,0,[],0,0,1,0.0,A2EY0J9LOPU3TU,0
The sports complex is across the street.,0,[],0,0,1,0.0,A20SXG1DHDIDI7,0
Sports were taking up significant part of my life,0,[],0,0,1,0.0,A2Y81T0DIFJ866,0
I love watching Sports ,0,[],0,0,1,0.0,A2MF4QDKE40KVN,0
I love football,0,[],0,0,1,0.0,A7Z6P6K85HX54,0
Soccer is the most watched of all sports worldwide.,0,[],0,0,1,0.0,A2PY9UB56M2PP2,0
Sports is now just another arm of politics. ,0,[],0,0,1,0.0,A2JUTTLDE5LGHH,0
I like basketball,0,[],0,0,1,0.0,A2F58OOW7K3DD2,0
He was very interested in sports in high school.,0,[],0,0,1,0.0,A1QW2XUJ7KZCV5,0
You missed my game. ,0,[],0,0,1,0.0,A3G3TIX6FEMN8R,0
Close the door after you come inside.,0,[],0,0,1,0.0,A2DDPSXH2X96RF,0
I like watching my sports right now,0,[],0,0,1,0.0,A2BZY06YRWGEDL,0
The ball was kicked by the goalie. ,1,['was kicked'],1,1,1,1.0,A1C8FN01981A69,1
When will the Chicago Bulls win their next game ,0,[],0,0,1,0.0,A2DU76P3SED4T6,0
I played basketball,0,[],0,0,1,0.0,AYSX5GNO640MZ,0
The ball sailed over my head and I lost the points.,0,[],0,0,1,0.0,A2R30HQXQN76IC,0
"Not everyone is sports fan, but I love them.",0,[],0,0,1,0.0,AMDUEMZUK9GJC,0
She had been the last to bat in two innings.,0,[],0,0,1,0.0,A2WS07SCLNP1GV,0
"At one time in history, sports were America favorite past time, but now it is being offended. ",1,['is being offended'],1,1,1,1.0,A3V3LIPOU53GZQ,1
The team did an okay job this match.,0,[],0,0,1,0.0,AQDA6OMC4W5V8,0
Chris used to play baseball.,0,[],0,0,1,0.0,A1K3VCFF62LIO2,0
The students play sports every day.,0,[],0,0,1,0.0,A2AFAWJX5LTUVN,0
The Cardinals will begin playing in one hour. ,0,[],0,0,1,0.0,AW8JVJQNLTXND,0
The athlete won the race.,0,[],0,0,1,0.0,A26ZENZ5G8AEGM,0
Basketball is sport commonly played.,0,[],0,0,1,0.0,A3Q9H7A8J8GR01,0
The players celebrated when the game ended. ,0,[],0,0,1,0.0,A2SULQE4M8C3CM,0
Sports controls much of the attention in college towns.,0,[],0,0,1,0.0,A2LDDDJ4WBKB8Y,0
Sports can be very interesting and fun spectating event.,0,[],0,0,1,0.0,A2VJ27EN5W4MU,0
They played the sports.,0,[],0,0,1,0.0,A1SBWRAOJBEFIM,0
SPORTS IS ONE OF ACTIVITY TO BUILD YOUR BODY S IMMUNE SYSTEM.,0,[],0,0,1,0.0,A12JQZP4XVOABB,0
he likes sports,0,[],0,0,1,0.0,AE5138F868GYB,0
A sports team is selling t-shirts outside.,0,[],0,0,1,0.0,AY2L2CZ6OKNEA,0
The ball was caught by the catcher.,1,['was caught'],1,1,1,1.0,A2S7LNJG767XIU,1
"Sports, such as football and soccer, entertain people of all ages.",0,[],0,0,1,0.0,A370S3V5OUNP4E,0
He was going to quit the team.,0,[],0,0,1,0.0,A2ZKKOPPN3AX2G,0
The sports arena is filled.,0,[],0,0,1,0.0,AH7I3K3OJKA5L,0
A pitcher throws the ball to batter in baseball.,0,[],0,0,1,0.0,A5BCSSPC180AG,0
Sports are fun afterschool activity for kids.,0,[],0,0,1,0.0,A1TO9C7AZND1VO,0
I wish I hit the baseball.,0,[],0,0,1,0.0,AE0C5U5HZ7WR9,0
My favorite Sports game is arm chair football.,0,[],0,0,1,0.0,A1D4RC6K6Y5KAV,0
I played soccer.,0,[],0,0,1,0.0,A345TDMHP3DQ3G,0
Sports were never mentioned ,1,['were never mentioned'],1,1,1,1.0,A1U5UPSCURNRAA,1
Playing sports is great exercise.,0,[],0,0,1,0.0,A18UTX5FD7NPRV,0
Players had been taken off the field.,1,['had been taken'],1,1,1,1.0,A3T79IEUFBB473,1
The ball just barely hit the hoop as it went through the basket.,0,[],0,0,1,0.0,A3HKD5JYXYBK5Q,0
Sports are fun.,0,[],0,0,1,0.0,A3MSMV01T3S53S,0
I wish I had seen the game.,0,[],0,0,1,0.0,A2JAE9P7FQXU2T,0
Sports is probably the absolute best way to pass time.,0,[],0,0,1,0.0,A23K77HMD9APAJ,0
Sports promote living an active lifestyle. ,0,[],0,0,1,0.0,A322UHGPRL2UWO,0
The player was sent off before the end of the period.,1,['was sent'],1,1,1,1.0,A1EDKVYT9ZCGUH,1
I am on the way to tackle the player on the field.,0,[],0,0,1,0.0,A3CX8S6Q0QEW8E,0
Bill and Dan were talking about sports.,0,[],0,0,1,0.0,AYX9OCFWBM939,0
They won the game 10-7,0,[],0,0,1,0.0,A1HNB2243A2PQH,0
Sports were discussed at dinner yesterday.,1,['were discussed'],1,1,1,1.0,A1Y38T7IZWJQAE,1
The science being done was cutting edge.,1,['being done'],1,1,1,1.0,A3ATU3VULAB7K2,1
Science will solve many new problems.,0,[],0,0,1,0.0,A1CTJ8UT7SF317,0
I liked science in school.,0,[],0,0,1,0.0,A327Q0Y175MEH7,0
The students were tested on the periodic chart.,1,['were tested'],1,1,1,1.0,A19TD2J8506A4Y,1
The biologists studies various life forms. ,0,[],0,0,1,0.0,A2DDXYTEVDV5F5,0
I wish that the days was longer.,0,[],0,0,1,0.0,AJ9O2ZA0E8UDZ,0
The engineer used result from esoteric mathematics.,0,[],0,0,1,0.0,AYXXMHLZRAPF9,0
Science is going to pave the way to the future.,0,[],0,0,1,0.0,A3M0L33TPD346S,0
A fascinating subject is science.,0,[],0,0,1,0.0,A33GB614ST7J82,0
The doctor discovered cure for cancer.,0,[],0,0,1,0.0, COPIEDAKHKMEPXX1YZ9,0
Atoms split during nuclear fission.,0,[],0,0,1,0.0,A23273YME4RCEB,0
Science was the theme of the fair.,0,[],0,0,1,0.0,A3O4WYGKH31OX,0
"When discussing science, less said the better.",0,[],0,0,1,0.0,A3NLSGHK6RFXA8,0
The scientist studies the new data.,0,[],0,0,1,0.0,AOJF7CPZVK5U3,0
Many research articles are published.,1,['are published'],1,1,1,1.0,A154ZJKRSX6847,0
Science is trusted by intelligent and informed people.,1,['is trusted'],1,1,1,1.0,A3FXVNZ5VG98IP,1
We should listen to science in our battle against COVID-19.,0,[],0,0,1,0.0,AYXN53TNFG71P,0
The chemicals were ordered by the lab.,1,['were ordered'],1,1,1,1.0,AMUKX1DM4ASA7,1
How does science relate in the studies of the humanities ,0,[],0,0,1,0.0,AFE7E450NETF2,0
SCIENCE MAKES EVERYONE HAVE FUN.,0,[],0,0,1,0.0,A2DLZ9PK82J8L2,0
Science is risky business. ,0,[],0,0,1,0.0,ARON01UO1YK7I,0
Perserverance successful landing delighted me ,0,[],0,0,1,0.0,A3RNGN5WLE1OBU,0
"The moon has been around for very long time, I wish I saw the rocket launch back in the day.",0,[],0,0,1,0.0,A1ZZETG57T5D5X,0
Science explains lot of phenomena ,0,[],0,0,1,0.0,A2Z75NJBZ46RE9,0
Science was almost destroyed by the ignorant masses.,1,['was almost destroyed'],1,1,1,1.0,A1CI5U3BLQ2DDS,1
 Science will cure all our problems. ,0,[],0,0,1,0.0,A1CI5U3BLQ2DDS ,0
The scientists evaluated their theses in the lab. ,0,[],0,0,1,0.0,ATSNZCC16HIOI,0
I wish I was scientist ,0,[],0,0,1,0.0,A1SWGSFIMZJQE,0
Science isn believed by everyone. ,0,[],0,0,1,0.0,A33UZLF8WW0DV1,1
New video from the Mars landing is online.,0,[],0,0,1,0.0,A39GP79ULCP9J2,0
Science is useful.,0,[],0,0,1,0.0,A2X5BYJKVKSYQQ,0
Some people think that science is not real ,0,[],0,0,1,0.0,A12S5JDG2D5HEW,0
I look through telescopes to see the planet and stars. ,0,[],0,0,1,0.0,A1FAQI8VXLAMBM,0
The infection was caused by covid.,1,['was caused'],1,1,1,1.0,A3P1QF00PF2DF9,1
Theaters are moving slowly as I look at the sky.,0,[],0,0,1,0.0,A16ZLWV0QUJP65,0
The physics teacher advocated encouraging women students to study S.T.E.M. subjects.,0,[],0,0,2,0.0,AOJD8D9NXVAR3,0
The full moon passed last week.,0,[],0,0,1,0.0,A1ZLWV0QUJP65,0
She completed the lab experiment.,0,[],0,0,1,0.0,AAL5LUI5U3NAV,0
Mary studied science in college. ,0,[],0,0,1,0.0,A1TK1M16KJJKEO,0
I took the science class,0,[],0,0,1,0.0,A79XOBCSS4NTG,0
Science study is gaining interest.,0,[],0,0,1,0.0,A2O3IWIVOZD4S7,0
Science is difficult subject.,0,[],0,0,1,0.0,A2SVKAI2PNTS79,0
Science classes are full.,0,[],0,0,1,0.0,A2O3IWIVOZD4S7,0
Science is known for its research.,1,['is known'],1,1,1,1.0,A2VNR6984SDFGQ,0
Scientists were studying. ,0,[],0,0,1,0.0,A3CLBF224TRYC9,0
The teacher showed the students the science textbook.,0,[],0,0,1,0.0,A8TLS2F8LFQ68,0
The science of global warming is very popular. ,0,[],0,0,1,0.0,AIJPLVW0ULYTH,0
Science has come such long way since i was born.,0,[],0,0,1,0.0,A3CX0LXFHZ6I3I,0
I studying science so I can make career out of it.,0,[],0,0,1,0.0,A2LEBJWW395FST,0
The chemical interaction resulted in an explosion.,0,[],0,0,1,0.0,AFTSLCMJASJDR,0
He is interested in Science,0,[],0,0,1,0.0,AA0EJ752F121Q,0
Dr. Fauci applies science when he speaks about Covid strategy.,0,[],0,0,1,0.0,A2VN0R4EGGV7KE,0
We performed an experiment in the lab today.,0,[],0,0,1,0.0,AJKA9BKC011F2,0
Science is the key to make progress. ,0,[],0,0,1,0.0,A2X823PACMMOKP,0
The science fair will be very busy today.,0,[],0,0,1,0.0,ALG1XBLARJ545,0
My science textbook was rather outdated.,0,[],0,0,1,0.0,A2SKOPFTRTNFUY,0
A lot of time was put into researching for vaccine.,1,['was put'],1,1,1,1.0,A347NXF6NQGM5G,1
The science of it is strong.,0,[],0,0,1,0.0,AFRKVRPZ2RHY8,0
I am taking Science class.,0,[],0,0,1,0.0,A2OZKKX2O0YTLD,0
I stirred the bot until the chemical blew up ,0,[],0,0,1,0.0,A240OTT1T85UGT,0
She studied science at the local university. ,0,[],0,0,1,0.0,A55E4CZQLYYO3,0
I conduct chemical experiments.,0,[],0,0,1,0.0,A3QNSOORS63W0D,0
Science explores our existance.,0,[],0,0,1,0.0,A63XZD0XGIMAI,0
Science was never strong topic for me in school.,0,[],0,0,1,0.0,A2ONKY3JGB34T3,0
Dr. Fauci made remarks about the variants of COVID-19.,0,[],0,0,1,0.0,AOJD8D9NXVAR3,0
Science gives many people employment opportunities.,0,[],0,0,1,0.0,A33B85TN97HQ33,0
Pluto was discovered in the 20th century.,1,['was discovered'],1,1,1,1.0,A3J72C0SIACZBS,1
Money was not granted for research.,1,['was not granted'],1,1,1,1.0,AW3PWVBIGPNAA,1
Science has many different categories.,0,[],0,0,1,0.0,AC95JAUAM2L2Z,0
Chemistry reveals the mysteries of everyday chain reactions.,0,[],0,0,1,0.0,AFE7E450NETF2,0
im into science,0,[],0,0,1,0.0,AXR1QGU4KTMSZ,0
Chemistry is an interesting field of study.,0,[],0,0,1,0.0,COPIEDAKHKMEPXX1YZ9,0
Science rocks,0,[],0,0,1,0.0,AOZBPO12UMPUY,0
Science is important for growth.,0,[],0,0,1,0.0,A1JSPB0XCFUUG1,0
The animals were used in the experiment.,1,['were used'],1,1,1,1.0,A2VAG94W4SK18C,1
Science can be quite fun when doing experiments. ,0,[],0,0,1,0.0,A2GIT09BQEUM9M,0
Science is great.,0,[],0,0,1,0.0,A162CO8K267FU8,0
I love science.,0,[],0,0,1,0.0,A3S9ASZKIIJ3WF,0
Science lead to medical progress.,0,[],0,0,1,0.0,A3JUAN2Y9XTK5L,0
He was late for his geology class yesterday.,0,[],0,0,1,0.0,A23FK9ROU01U4D,0
The science class seems fun,0,[],0,0,1,0.0,A79XOBCSS4NTG,0
The biologists helped create vaccine. ,0,[],0,0,1,0.0,AU34Y1DWWQ47O,0
he enjoyed sceince,0,[],0,0,1,0.0,A2TWX0MB777CAB,0
"Science is so very exciting, especially for the younger kids.",0,[],0,0,1,0.0,A1HYNGG8LZUV47,0
Science was discussed at the meeting,1,['was discussed'],1,1,1,1.0,AQDBBBTN8NE9X,1
The subject discussed was science.,0,[],0,0,1,0.0,A36G7I51D5O1M4,1
Science required lot more study time than Math.,0,[],0,0,1,0.0,COPIEDAPV3GK8ZEXB0J,0
I read magazines about science.,0,[],0,0,1,0.0,A38LW34F26WBJY,0
"Science is the best learning subject,",0,[],0,0,1,0.0,A35TZ4YGDSXSEC,0
DNA was discovered by Watson and Crick.,1,['was discovered'],1,1,1,1.0,A37CSK5QI41636,1
Life is more like science experiment with each day changing. ,0,[],0,0,1,0.0,ACIWLS3IQPV1J,0
I experimented with with some salt in water while I read the instructions.,0,[],0,0,1,0.0,A1N274L13ZKKI5,0
Science makes the unbelievable understandable.,0,[],0,0,1,0.0,A3NG205QJ48IM4,0
I do not know much about science.,0,[],0,0,1,0.0,A2I6YPPQK6BU09,0
Science is the final frontier. ,0,[],0,0,1,0.0,A1H4MYPDJ2K3VI,0
The professor was struggling to teach evolution to the creationists. ,0,[],0,0,1,0.0,A15B294KHVGPFV,0
I really enjoy chemistry.,0,[],0,0,1,0.0,A3774HPOUKYTX7,0
We can learn lot of fun things in science class.,0,[],0,0,1,0.0,ARTARDCXLJ5H6,0
The scientist is from New York.,0,[],0,0,1,0.0,A2RCUR9HJ9D0UQ,0
Tyson names science as one of his favorite school subjects.,0,[],0,0,1,0.0,AO9AKYPPGGGZ4,0
I love science,0,[],0,0,1,0.0,ADIW4L4IGU98R,0
"I study science and therefore, am knowledgeable about vaccines.",0,[],0,0,1,0.0,A34IZFOSHOZ4GN,0
I mixed the chemical per instruction in the lab. ,0,[],0,0,1,0.0,A11ILN5YSUDVG8,0
The vaccine was developed by top scientists in the country. ,1,['was developed'],1,1,1,1.0,A13CFYL1AW272Y,1
The microscope was focused on the sample of skin cells.,1,['was focused'],1,1,1,1.0,AAFM5PPF9P0W,1
Bill Nye the Science guy had his own tv show. ,0,[],0,0,1,0.0,A20P819KPQWCK0,0
Science is the S is STEM.,0,[],0,0,1,0.0,A2OKJSKQFMCZTP,0
i wish i had engaged more in Science class,0,[],0,0,1,0.0,AM0FRMVODTMXA,0
I am going to Science class today. ,0,[],0,0,1,0.0,A2WSYQ5TS09U1,0
I am measuring the temperature of this beaker.,0,[],0,0,1,0.0,A1FAQI8VXLAMBM,0
I take science class everyday.,0,[],0,0,1,0.0,A3C9B757QTE20C,0
Science explains great deal about the universe,0,[],0,0,1,0.0,AK70USZXEJSF3,0
I a big fan of science.,0,[],0,0,1,0.0,A3BWZ6V34W8SXX,0
Today settled science is tomorrow flat earth theory. ,0,[],0,0,1,0.0,A3U6RDG7BLH6YZ,0
Science can never answer every question.,0,[],0,0,1,0.0,A2HUWXLMG214BI,0
The science teacher was pleased with his students test scores.,0,[],0,0,1,0.0,A16DIQCMNWPBAN,0
This is the most important scientific breakthrough in recent years. ,0,[],0,0,1,0.0,A357ADRGNGMMKC,0
Every student must take class in science.,0,[],0,0,1,0.0,A3V2HVY764HJS4,0
The student skipped science class.,0,[],0,0,1,0.0,A2W5PAZJG6X8Q8,0
In Science many scientists spend their time researching new theories.,0,[],0,0,1,0.0,A118RTS8BOFIH7,0
The sea tides are controlled by the moon.,1,['are controlled'],1,1,1,1.0,A31CNXHGR49DJR,1
Science is must,0,[],0,0,1,0.0,A3OM2ZQ7FUDTIN,0
"The professor taught science, but was not very good at it.",0,[],0,0,1,0.0,A3PSV85ZUXP9VF,0
I skipped my science class. ,0,[],0,0,1,0.0,A3G11HOZ5PCWOH,0
Science tells us things about our world. ,0,[],0,0,1,0.0,A33ELVLU0NX9N9,0
The laboratory is filled with chemicals.,0,[],0,0,1,0.0,A2W434UNNBRS4L,0
what is happening in the world right now is science,0,[],0,0,1,0.0,A2EW08X2I87RXL,0
False findings were presented at the conference. ,1,['were presented'],1,1,1,1.0,AHTWQSOY6HTJI,1
"When I used to take biology, I enjoyed it.",0,[],0,0,1,0.0,A16Y5JEB1EF9CY,0
I think science is interesting.,0,[],0,0,1,0.0,A3M0L33TPD346S,0
The biologist fought with the psychologist about the results of the other.,0,[],0,0,1,0.0,AY4KZOUEZ8BAM,0
Science is the main driver of advancement.,0,[],0,0,1,0.0,A14Z1JSAR9JEON,0
Science use to be my favorite subject ,0,[],0,0,1,0.0,A3M2Q7EZCJ85GE,0
I watched man on about science experiments. ,0,[],0,0,1,0.0,A36W1PIV68AE5KÔÉÖ,0
I wish I could investigate more on volcanoes.,0,[],0,0,1,0.0,ANR81FZBHHR0F,0
Science was not taken into consideration during the discussion.,1,['was not taken'],1,1,1,1.0,A2UOOBZQ5L2EL1,1
Science is the favorite subject of my entire class.,0,[],0,0,1,0.0,j2wj0096lt,0
now we can blow it up ,0,[],0,0,1,0.0,A3NUGUAMBKYMZY,0
Science is making the world better place.,0,[],0,0,1,0.0,A33TBDS0UALKW2,0
The biology experiment was approved by the committee.,1,['was approved'],1,1,1,1.0,A2BT7QVGXJKFKI,1
Science is Matt favorite subject he loves solving problems,0,[],0,0,1,0.0,A39J8MSTUDVH0D,0
Science has discovered the cell cycle is influenced by many things.,1,['is influenced'],1,1,1,1.0,A15X9KAJB8M54B,1
science is evolving continuously.,0,[],0,0,1,0.0,A1CRE2Z623JZ6V,0
The water was heated to boiling point.,0,[],0,0,1,0.0,A3H8A6SSZH6MQQ,1
science has been given more recognition after covid.,1,['has been given'],1,1,1,1.0,A2137K4XEU12TI,1
Students perform experiments as part of learning about the subject of science.,0,[],0,0,1,0.0,AMFIHFK9N0OVK,0
It is important to study science.,0,[],0,0,1,0.0,A1JAWNX4R60ZZ0,0
Flowers produce nectar to attract insects.,0,[],0,0,1,0.0,A1MPJYJCUAOFOB,0
I heard science was important.,0,[],0,0,1,0.0,A3HT6YYXPBRKN3,0
I love learning about medical technology advances.,0,[],0,0,1,0.0,A3V9UGWBPDRFSG,0
The scientest was satisfied with his colegues anatomy esay.,0,[],0,0,1,0.0,A1ZJ3TU4QJIKLY,0
Science is very difficult to some people.,0,[],0,0,1,0.0,A129LL7SYP8EOE,0
The experiment was conducted over period of six months.,1,['was conducted'],1,1,1,1.0,A2VUF0V7HT51Q3,1
I wish I had studied science in school.,0,[],0,0,1,0.0,A3IB7YJHP04OHI,0
The lab tech is working late.,0,[],0,0,1,0.0,A13DHPKBQXN9R7,0
I like to read about science.,0,[],0,0,1,0.0,A1B3K5W6NZ03U2,0
The theory was proven by scientist.,1,['was proven'],1,1,1,1.0,A29KJK7GPUF3OT,1
The frog was dissected for exploration.,1,['was dissected'],1,1,1,1.0,A26A77APE2SUR5,1
Science blows that theory out of the water.,0,[],0,0,1,0.0,A8BSFVAPZBIUS ,0
I am going to do crazy experiment in chemistry.,0,[],0,0,1,0.0,A1ADRYNCJIRFOO,0
The experiment was completed by the team with the largest monetary grant.,1,['was completed'],1,1,1,1.0,A1PAN54I7HWSZI,1
Science knowledge has grown exponentially in the last decade. ,0,[],0,0,1,0.0,AS8JG1LSWTMGY,0
Science and politics make strange bedfellows.,0,[],0,0,1,0.0,A25D8WXH1F4CG9,0
Many people think science is the most important part of evolution. ,0,[],0,0,1,0.0,A1TK1M16KJJKEO,0
Ralph enjoyed teaching science in his classroom.,0,[],0,0,1,0.0,A1282WX3YWXM6E,0
VIROLOGY IS THE STUDY OF VIRUSES,0,[],0,0,1,0.0,A3SUUPLFBSG1T9,0
Science was neglected.,1,['was neglected'],1,1,1,1.0,A2T6EBB0Z6TQZS  ,1
The girl quickly cleaned up the mess she made after combining chemicals in the test tube.,0,[],0,0,1,0.0,A3G1X3IP2VM4IK,0
The scientist measured the chemicals for the experiment.,0,[],0,0,1,0.0,A1KRDCZ1YYBUIZ,0
We were studying physics. ,0,[],0,0,1,0.0,A1X84CLJ7N1PLZ,0
Science is about observation.,0,[],0,0,1,0.0,A141B3S3ZLY8DI,0
The science was sound and well reasoned.,0,[],0,0,1,0.0,A1BDJMFP24FBGL,0
the kids learned science at school,0,[],0,0,1,0.0,A3F34OE3VQ7W0V,0
The scientists were made to reschedule their rocket launch.,1,['were made'],1,1,1,1.0,A2BQ5JORLYGZMV,1
The science is evolving ,0,[],0,0,1,0.0,A3ONF400XL2Y9U,0
Science is the truth.,0,[],0,0,1,0.0,A2HDZE2L9EX2SY,0
it was called science matter,1,['was called'],1,1,1,1.0,A2EY0J9LOPU3TU,0
Science is always evolving with new information.,0,[],0,0,1,0.0,A20SXG1DHDIDI7,0
Science was denied in the national news,1,['was denied'],1,1,1,1.0,A2Y81T0DIFJ866,1
Science can be difficult topic to discuss ,0,[],0,0,1,0.0,A2MF4QDKE40KVN,0
I hate science,0,[],0,0,1,0.0,A7Z6P6K85HX54,0
Science is my son favorite subject.,0,[],0,0,1,0.0,A2PY9UB56M2PP2,0
Science is our salvation. ,0,[],0,0,1,0.0,A2JUTTLDE5LGHH,0
I read about latest developments in science,0,[],0,0,1,0.0,A2F58OOW7K3DD2,0
Science was her second choice after she realized she didn qualify for the Arts program.,0,[],0,0,1,0.0,A1QW2XUJ7KZCV5,0
You forgot about the assignment. ,0,[],0,0,1,0.0,A3G3TIX6FEMN8R,0
I am baking chocolate cake this evening.,0,[],0,0,1,0.0,A2DDPSXH2X96RF,0
Science is doing wonders right now,0,[],0,0,1,0.0,A2BZY06YRWGEDL,0
Discoveries were made in the Chemistry laboratory. ,1,['were made'],1,1,1,1.0,A1C8FN01981A69,1
When will everyone have chance to get COVID-19 vaccine ,0,[],0,0,1,0.0,A2DU76P3SED4T6,0
Science helps me discover other planets.,0,[],0,0,1,0.0,AYSX5GNO640MZ,0
Stephen poured one chemical into another with small poof of smoke.,0,[],0,0,1,0.0,A2R30HQXQN76IC,0
The scientist was excited by her new discovery.,1,['was excited'],1,1,1,1.0,AMDUEMZUK9GJC,1
The experiment had been repeated by other labs.,1,['had been repeated'],1,1,1,1.0,A2WS07SCLNP1GV,1
In science we were asked to build model volcano. ,1,['were asked'],1,1,1,1.0,A3V3LIPOU53GZQ,1
I don really know much about science.,0,[],0,0,1,0.0,AQDA6OMC4W5V8,0
Sam is going to take the science exam.,0,[],0,0,1,0.0,A1K3VCFF62LIO2,0
We need to follow the science to get through this pandemic.,0,[],0,0,1,0.0,A2AFAWJX5LTUVN,0
The new trial for the vaccine will begin today. ,0,[],0,0,1,0.0,AW8JVJQNLTXND,0
Science is an important subject in school.,0,[],0,0,1,0.0,A26ZENZ5G8AEGM,0
Lot of benefits are provided by science.,1,['are provided'],1,1,1,1.0,A3Q9H7A8J8GR01,1
The science experiment illustrated how water freezes. ,0,[],0,0,1,0.0,A2SULQE4M8C3CM,0
Science creates new knowledge we use to shape our world.,0,[],0,0,1,0.0,A2LDDDJ4WBKB8Y,0
We can learn lot about COVID-19 from science and research.,0,[],0,0,1,0.0,A2VJ27EN5W4MU,0
Children learn science.,0,[],0,0,1,0.0,A1SBWRAOJBEFIM,0
SCIENCE IS FUNDAMENTAL OF PHYSICS.,0,[],0,0,1,0.0,A12JQZP4XVOABB,0
I was good in Science.,0,[],0,0,1,0.0,AE5138F868GYB,0
Science has contributed to many advances in beauty.,0,[],0,0,1,0.0,AY2L2CZ6OKNEA,0
The monkey was studied by Scientist name Jack.,1,['was studied'],1,1,1,1.0,A2S7LNJG767XIU,1
"Science, specifically biology, interests Kiera the most in school. ",0,[],0,0,1,0.0,A370S3V5OUNP4E,0
He was going to ask about climate change.,0,[],0,0,1,0.0,A2ZKKOPPN3AX2G,0
There is science to what will happen.,0,[],0,0,1,0.0,AH7I3K3OJKA5L,0
Scientists love facts.,0,[],0,0,1,0.0,A5BCSSPC180AG,0
Science is popular subject to take in college.,0,[],0,0,1,0.0,A1TO9C7AZND1VO,0
Who knows if it science or fiction ,0,[],0,0,1,0.0,AE0C5U5HZ7WR9,0
It is Science that is curing the nation from the Covid virus.,0,[],0,0,1,0.0,A1D4RC6K6Y5KAV,0
I hate studying science.,0,[],0,0,1,0.0,A345TDMHP3DQ3G,0
Science has been my worst subject ,0,[],0,0,1,0.0,A1U5UPSCURNRAA,0
Science is very big topic lately.,0,[],0,0,1,0.0,A18UTX5FD7NPRV,0
Discoveries in physic were lagging from past years.,0,[],0,0,1,0.0,A3T79IEUFBB473,0
Plants make nutrients with their leaves and roots.,0,[],0,0,1,0.0,A3HKD5JYXYBK5Q,0
Science is interesting.,0,[],0,0,1,0.0,A3MSMV01T3S53S,0
The science was manipulated to make the people wear masks.,1,['was manipulated'],1,1,1,1.0,A2JAE9P7FQXU2T,1
I love how complex science is ,0,[],0,0,2,0.0,A23K77HMD9APAJ,0
Science divides into many different sub-categories. ,0,[],0,0,1,0.0,A322UHGPRL2UWO,0
My hypothesis was not recognized.,1,['was not recognized'],1,1,1,1.0,A1EDKVYT9ZCGUH,1
I wish I could use the microscope.,0,[],0,0,1,0.0,A3CX8S6Q0QEW8E,0
The teacher was completed the science fair.,1,['was completed'],1,1,1,1.0,AYX9OCFWBM939,0
They had found some evidence of rashes in the vaccine.,0,[],0,0,1,0.0,A1HNB2243A2PQH,0
Science has been an essential component of recovery from the global pandemic.,0,[],0,0,1,0.0,A1Y38T7IZWJQAE,0
The culture was being appropriated.,1,['was being appropriated'],1,1,1,1.0,A3ATU3VULAB7K2,1
The culture is delightful to me.,0,[],0,0,1,0.0,A1CTJ8UT7SF317,0
I would love to learn about different culture ,0,[],0,0,1,0.0,A327Q0Y175MEH7,0
Thanksgiving dinner was eaten at home.,1,['was eaten'],1,1,1,1.0,A19TD2J8506A4Y,1
Americans enjoy barbecuing on July 4th. ,0,[],0,0,1,0.0,A2DDXYTEVDV5F5,0
I wish I could see them during the ceremony.,0,[],0,0,1,0.0,AJ9O2ZA0E8UDZ,0
I learning new language.,0,[],0,0,1,0.0,AYXXMHLZRAPF9,0
I feel culture is imperative to style.,0,[],0,0,1,0.0,A3M0L33TPD346S,0
The people were shaped by culture.,1,['were shaped'],1,1,1,1.0,A33GB614ST7J82,1
Young people these days are on their phones constantly.,0,[],0,0,1,0.0, COPIEDAKHKMEPXX1YZ9,0
"The Cherokee tribal traditions include language, spirituality, food, storytelling, and art.",0,[],0,0,1,0.0,A23273YME4RCEB,0
Culture was taught at school.,1,['was taught'],1,1,1,1.0,A3O4WYGKH31OX,1
"As for culture, they clearly had none.",0,[],0,0,1,0.0,A3NLSGHK6RFXA8,0
The museum exhibit will make us question reality. ,0,[],0,0,1,0.0,AOJF7CPZVK5U3,0
Culture was common study topic.,0,[],0,0,1,0.0,A154ZJKRSX6847,0
Culture is passed down through generations of people.,1,['is passed'],1,1,1,1.0,A3FXVNZ5VG98IP,1
I am very surprised at all of the Cancel Culture initiaves.,0,[],0,0,1,0.0,AYXN53TNFG71P,0
The magazine was delivered to her house. ,1,['was delivered'],1,1,1,1.0,AMUKX1DM4ASA7,1
Japanese culture thrives on an honorable set of values.,0,[],0,0,1,0.0,AFE7E450NETF2,0
EVERYONE IS MOLDED BY CULTURE. ,1,['is molded'],1,1,1,1.0,A2DLZ9PK82J8L2,1
Culture is an ideology. ,0,[],0,0,1,0.0,ARON01UO1YK7I,0
I enjoy culture activities such as dance and plays.,0,[],0,0,1,0.0,A3RNGN5WLE1OBU,0
The room is filled with lot of diversity.,0,[],0,0,1,0.0,A1ZZETG57T5D5X,0
Culture enriches our lives,0,[],0,0,1,0.0,A2Z75NJBZ46RE9,0
Roman culture was destroyed by the barbarians.,1,['was destroyed'],1,1,1,1.0,A1CI5U3BLQ2DDS,1
Culture enlivens our lives.,0,[],0,0,1,0.0,A1CI5U3BLQ2DDS ,0
The museum attendees gawked at the Egyptian tombs. ,0,[],0,0,1,0.0,ATSNZCC16HIOI,0
I will influence the culture ,0,[],0,0,1,0.0,A1SWGSFIMZJQE,0
Cultures are different all over the world. ,0,[],0,0,1,0.0,A33UZLF8WW0DV1,0
The Scandinavian Heritage festival takes place on Memorial Day weekend.,0,[],0,0,1,0.0,A39GP79ULCP9J2,0
The culture was toxic.,0,[],0,0,1,0.0,A2X5BYJKVKSYQQ,0
I always wondered what is American culture. ,0,[],0,0,1,0.0,A12S5JDG2D5HEW,0
Some cultures bow to each other in greeting.,0,[],0,0,1,0.0,A1FAQI8VXLAMBM,0
Our culture has been overtaken by political correctness.,1,['has been overtaken'],1,1,1,1.0,A3P1QF00PF2DF9,1
This concert is filled with cultural experience.,0,[],0,0,1,0.0,A16ZLWV0QUJP65,0
I went to the museum to learn about Japanese art culture.,0,[],0,0,1,0.0,AOJD8D9NXVAR3,0
Back in the day culture was important.,0,[],0,0,1,0.0,A1ZLWV0QUJP65,0
I learned lot about the African culture.,0,[],0,0,1,0.0,AAL5LUI5U3NAV,0
Her Irish culture shows when she get angry. ,0,[],0,0,1,0.0,A1TK1M16KJJKEO,0
I experience the country culture,0,[],0,0,1,0.0,A79XOBCSS4NTG,0
Culture is important to society.,0,[],0,0,1,0.0,A2O3IWIVOZD4S7,0
Culture is varied among the world.,0,[],0,0,1,0.0,A2SVKAI2PNTS79,0
Culture is the way we understand our society.,0,[],0,0,1,0.0,A2O3IWIVOZD4S7,0
The culture had been known.,1,['had been known'],1,1,1,1.0,A2VNR6984SDFGQ,1
They were from different country. ,0,[],0,0,1,0.0,A3CLBF224TRYC9,0
I enjoy engaging in cultures other than my own.,0,[],0,0,1,0.0,A8TLS2F8LFQ68,0
Our culture is changing with each generation. ,0,[],0,0,1,0.0,AIJPLVW0ULYTH,0
i wondering if the culture within our organization is safe.,0,[],0,0,1,0.0,A3CX0LXFHZ6I3I,0
My culture is part of who I am. ,0,[],0,0,1,0.0,A2LEBJWW395FST,0
The changing culture has had negative effect on society.,0,[],0,0,1,0.0,AFTSLCMJASJDR,0
The culture was different than she expected,0,[],0,0,1,0.0,AA0EJ752F121Q,0
The company embraces culture of diversity.,0,[],0,0,1,0.0,A2VN0R4EGGV7KE,0
We learned about the Chinese culture when we were there.,0,[],0,0,1,0.0,AJKA9BKC011F2,0
My culture is disappearing fast.,0,[],0,0,1,0.0,A2X823PACMMOKP,0
The people in the Indian culture were running. ,0,[],0,0,1,0.0,ALG1XBLARJ545,0
The island culture was judged as being primitive.,1,['was judged'],1,1,1,1.0,A2SKOPFTRTNFUY,1
Thanksgiving is celebrated by Americans.,1,['is celebrated'],1,1,1,1.0,A347NXF6NQGM5G,1
The culture of country is important,0,[],0,0,1,0.0,AFRKVRPZ2RHY8,0
I am immersing myself in my Latina Culture.,0,[],0,0,1,0.0,A2OZKKX2O0YTLD,0
They danced to their cultural music ,0,[],0,0,1,0.0,A240OTT1T85UGT,0
The town culture disappeared after the volcano eruption.,0,[],0,0,1,0.0,A55E4CZQLYYO3,0
The black lives matter movement is powerful.,0,[],0,0,1,0.0,A3QNSOORS63W0D,0
Culture enables understanding.,0,[],0,0,1,0.0,A63XZD0XGIMAI,0
People of different cultures were not represented in the meeting.,1,['were not represented'],1,1,1,1.0,A2ONKY3JGB34T3,1
The painting had hints of Japanese culture to it.,0,[],0,0,1,0.0,AOJD8D9NXVAR3,0
Culture has very divisive nature.,0,[],0,0,1,0.0,A33B85TN97HQ33,0
Some songs are popularized by the movies that played them.,1,['are popularized'],1,1,1,1.0,A3J72C0SIACZBS,1
Our culture has been corrupted.,1,['has been corrupted'],1,1,1,1.0,AW3PWVBIGPNAA,1
Your culture comes from your community.,0,[],0,0,1,0.0,AC95JAUAM2L2Z,0
Culture is something people have in common.,0,[],0,0,1,0.0,AFE7E450NETF2,0
I am into culture,0,[],0,0,1,0.0,AXR1QGU4KTMSZ,0
Social media use is rampant among young people.,0,[],0,0,1,0.0,COPIEDAKHKMEPXX1YZ9,0
There is culture war going on in today society,0,[],0,0,1,0.0,AOZBPO12UMPUY,0
We need to preserve our culture.,0,[],0,0,1,0.0,A1JSPB0XCFUUG1,0
The award winner was nominated that night.,1,['was nominated'],1,1,1,1.0,A2VAG94W4SK18C,1
Exploring different cultures can be quite fun. ,0,[],0,0,1,0.0,A2GIT09BQEUM9M,0
Culture is learned. ,1,['is learned'],1,1,1,1.0,A162CO8K267FU8,1
I celebrate Christmas because I am catholic.,0,[],0,0,1,0.0,A3S9ASZKIIJ3WF,0
Culture brings sophistication to society.,0,[],0,0,1,0.0,A3JUAN2Y9XTK5L,0
The students had already studied the achievements of the country.,0,[],0,0,1,0.0,A23FK9ROU01U4D,0
The culture of that country is cool,0,[],0,0,1,0.0,A79XOBCSS4NTG,0
Italians love to eat pasta. ,0,[],0,0,1,0.0,AU34Y1DWWQ47O,0
the person is cultured,0,[],0,0,1,0.0,A2TWX0MB777CAB,0
Everyone is mean in this culture ,0,[],0,0,1,0.0,A1HYNGG8LZUV47,0
Egyptian culture was extremely weird.,0,[],0,0,1,0.0,AQDBBBTN8NE9X,0
Culture has been overlooked in many areas.,1,['has been overlooked'],1,1,1,1.0,A36G7I51D5O1M4,1
Culture requires different points of view.,0,[],0,0,1,0.0,COPIEDAPV3GK8ZEXB0J,0
I know lot about culture.,0,[],0,0,1,0.0,A38LW34F26WBJY,0
I love my ethnic culture.,0,[],0,0,1,0.0,A35TZ4YGDSXSEC,0
The art was well-received by the audience.,0,[],0,0,1,0.0,A37CSK5QI41636,1
I feel everyone gets offended by someone relating to their culture. ,1,['gets offended'],1,1,1,1.0,ACIWLS3IQPV1J,1
I watched Euphoria in the background while doing my homework.,0,[],0,0,1,0.0,A1N274L13ZKKI5,0
His Haitian culture is extremely important to him.,0,[],0,0,1,0.0,A3NG205QJ48IM4,0
Celebrity culture is overrated.,0,[],0,0,1,0.0,A2I6YPPQK6BU09,0
Cancel culture is dangerous to society. ,0,[],0,0,1,0.0,A1H4MYPDJ2K3VI,0
The Maori was happy to perform the hakka dance. ,0,[],0,0,1,0.0,A15B294KHVGPFV,0
I love your hair style ,0,[],0,0,1,0.0,A3774HPOUKYTX7,0
We are studying about culture in school this week.,0,[],0,0,1,0.0,ARTARDCXLJ5H6,0
The art museum is nice.,0,[],0,0,1,0.0,A2RCUR9HJ9D0UQ,0
John loved learning about Asian culture.,0,[],0,0,1,0.0,AO9AKYPPGGGZ4,0
I am going to chair the culture committee,0,[],0,0,1,0.0,ADIW4L4IGU98R,0
I participate in my culture of celebrating St. Patrick Day.,0,[],0,0,2,0.0,A34IZFOSHOZ4GN,0
Tom toured the new museum. ,0,[],0,0,1,0.0,A11ILN5YSUDVG8,0
Ben family was not very accepting of the cultural differences presented by his new girlfriend.,0,[],0,0,1,0.0,A13CFYL1AW272Y,0
The American was impressed by the vibrant Colombian culture.,1,['was impressed'],1,1,1,1.0,AAFM5PPF9P0W,1
Cancel culture toxic. ,0,[],0,0,1,0.0,A20P819KPQWCK0,0
Culture is about the people more so than the traditions.,0,[],0,0,1,0.0,A2OKJSKQFMCZTP,0
I wish i had asked more questions to my grandmother about our culture.,0,[],0,0,1,0.0,AM0FRMVODTMXA,0
I am going the Culture fair today. ,0,[],0,0,1,0.0,A2WSYQ5TS09U1,0
I bow when greeting my elders. ,0,[],0,0,1,0.0,A1FAQI8VXLAMBM,0
My culture tells me about where I am from.,0,[],0,0,1,0.0,A3C9B757QTE20C,0
Culture can mean lot to people.,0,[],0,0,1,0.0,AK70USZXEJSF3,0
I love to integrate myself in other cultures.,0,[],0,0,1,0.0,A3BWZ6V34W8SXX,0
"Comic book art used to be looked down upon, but it is now seen as viable art form. ",1,"['art used', 'be looked', 'is now seen']",3,1,1,1.0,A3U6RDG7BLH6YZ,1
My thoughts about today culture isn popular.,0,[],0,0,1,0.0,A2HUWXLMG214BI,0
The father was proud oh his sons eagerness to learn their native language.,0,[],0,0,2,0.0,A16DIQCMNWPBAN,0
I want to see the new African Art exhibit and the museum. ,0,[],0,0,1,0.0,A357ADRGNGMMKC,0
Their culture is very colorful.,0,[],0,0,1,0.0,A3V2HVY764HJS4,0
Many cultures are appropriated by white people ,1,['are appropriated'],1,1,1,1.0,A2W5PAZJG6X8Q8,1
"In culture many people enjoy their food, dance, and customs of their ancestors. ",0,[],0,0,1,0.0,A118RTS8BOFIH7,0
The movie was made hit by the actors.,1,['was made'],1,1,1,1.0,A31CNXHGR49DJR,1
Culture is passed down,1,['is passed'],1,1,1,1.0,A3OM2ZQ7FUDTIN,1
"The society had such rich culture, there was much to learn of them.",0,[],0,0,1,0.0,A3PSV85ZUXP9VF,0
I did not know about the sneaker culture around my school. ,0,[],0,0,1,0.0,A3G11HOZ5PCWOH,0
Culture is the way we know how to act in public. ,0,[],0,0,1,0.0,A33ELVLU0NX9N9,0
The Aztecs ruled Mesoamerica.,0,[],0,0,1,0.0,A2W434UNNBRS4L,0
there is cultural difference beet week different people,0,[],0,0,1,0.0,A2EW08X2I87RXL,0
The gallery opening was attended by many important figures.,1,['was attended'],1,1,1,1.0,AHTWQSOY6HTJI,1
"When we went to Puerto Rico, the culture was beautiful.",0,[],0,0,1,0.0,A16Y5JEB1EF9CY,0
"Culture is best ignored, maybe.",0,[],0,0,1,0.0,A3M0L33TPD346S,1
My favorite celebrity spoke out against racism last week.,0,[],0,0,1,0.0,AY4KZOUEZ8BAM,0
Culture both divides and unites people.,0,[],0,0,1,0.0,A14Z1JSAR9JEON,0
"Cultures, comes in many color shapes and sizes.",0,[],0,0,1,0.0,A3M2Q7EZCJ85GE,0
We need to do more about different culture.,0,[],0,0,1,0.0,A36W1PIV68AE5KÔÉÖ,0
I eat Kimchi since it is part of my Korean culture.,0,[],0,0,1,0.0,ANR81FZBHHR0F,0
The girls culture was forgotten about.,1,['was forgotten'],1,1,1,1.0,A2UOOBZQ5L2EL1,1
Our differences in culture is perhaps what I find most interesting.,0,[],0,0,1,0.0,j2wj0096lt,0
I love how this cuisine tastes ,0,[],0,0,1,0.0,A3NUGUAMBKYMZY,0
Culture makes up our characters.,0,[],0,0,1,0.0,A33TBDS0UALKW2,0
The weekend was improved by the opening of the museum.,1,['was improved'],1,1,1,1.0,A2BT7QVGXJKFKI,1
Jill studies modern art at the local college.,0,[],0,0,1,0.0,A39J8MSTUDVH0D,0
Culture is the core of our society.,0,[],0,0,1,0.0,A15X9KAJB8M54B,0
The woke culture is hilarious.,0,[],0,0,1,0.0,A1CRE2Z623JZ6V,0
Television has become more diverse in 2020.,0,[],0,0,1,0.0,A3H8A6SSZH6MQQ,0
Culture was the main drive of the museum visit.,0,[],0,0,1,0.0,A2137K4XEU12TI,0
Having an expressive personality is part of LGBTQ culture.,0,[],0,0,1,0.0,AMFIHFK9N0OVK,0
I love studying different cultures.,0,[],0,0,1,0.0,A1JAWNX4R60ZZ0,0
I celebrate Christmas with my family.,0,[],0,0,1,0.0,A1MPJYJCUAOFOB,0
I hear very little about culture.,0,[],0,0,1,0.0,A3HT6YYXPBRKN3,0
My culture needs to work together to improve so that we can acheive.,0,[],0,0,1,0.0,A3V9UGWBPDRFSG,0
careers revolve around persons culture.,0,[],0,0,1,0.0,A1ZJ3TU4QJIKLY,0
learning about different cultures is interesting.,0,[],0,0,1,0.0,A129LL7SYP8EOE,0
Cultural studies will always be considered an important part of liberal arts education.,1,['be considered'],1,1,1,1.0,A2VUF0V7HT51Q3,1
I did not check on anything about my culture.,0,[],0,0,1,0.0,A3IB7YJHP04OHI,0
I love to learn about different cultures.,0,[],0,0,1,0.0,A13DHPKBQXN9R7,0
I do not know much about pop culture.,0,[],0,0,1,0.0,A1B3K5W6NZ03U2,0
"The movie was watched by 3,000 people.",1,['was watched'],1,1,1,1.0,A29KJK7GPUF3OT,1
The festival is scheduled for next week.,1,['is scheduled'],1,1,1,1.0,A26A77APE2SUR5,1
The work culture at Google is very relaxed.,0,[],0,0,1,0.0,A8BSFVAPZBIUS ,0
I want to know how to make sushi ,0,[],0,0,1,0.0,A1ADRYNCJIRFOO,0
The traditional dance was performed by the women in the group.,1,['was performed'],1,1,1,1.0,A1PAN54I7HWSZI,1
The culture is changing at breakneck speed ,0,[],0,0,1,0.0,AS8JG1LSWTMGY,0
Great Britain culture is overdue for change.,0,[],0,0,1,0.0,A25D8WXH1F4CG9,0
My culture revolves around my Italian upbringing. ,0,[],0,0,1,0.0,A1TK1M16KJJKEO,0
Leah loved to learn of her culture as time went on.,0,[],0,0,1,0.0,A1282WX3YWXM6E,0
CONCERTS ARE A FUN THING TO DO ON THE WEEKENDS,0,[],0,0,1,0.0,A3SUUPLFBSG1T9,0
Culture was changed by altering the story.,1,['was changed'],1,1,1,1.0,A2T6EBB0Z6TQZS  ,1
The young girls sighed as they were tired from dancing on Tik Tok. ,0,[],0,0,1,0.0,A3G1X3IP2VM4IK,0
Her culture was known to celebrate on that day.,1,['was known'],1,1,1,1.0,A1KRDCZ1YYBUIZ,1
We were interested in the Asian exhibits. ,0,[],0,0,1,0.0,A1X84CLJ7N1PLZ,0
Choose your culture wisely.,0,[],0,0,1,0.0,A141B3S3ZLY8DI,0
The culture dictates the rules.,0,[],0,0,1,0.0,A1BDJMFP24FBGL,0
the show told me about culture,0,[],0,0,1,0.0,A3F34OE3VQ7W0V,0
Minority cultures assimilate into the dominant culture over time.,0,[],0,0,1,0.0,A2BQ5JORLYGZMV,0
We are celebrating Christmas ,0,[],0,0,1,0.0,A3ONF400XL2Y9U,0
Downtown is full of culture.,0,[],0,0,1,0.0,A2HDZE2L9EX2SY,0
Americans are mindconrolled by NBA,1,['are mindconrolled'],1,1,1,1.0,A2EY0J9LOPU3TU,1
Pop culture is unimportant in the grand scheme of things.,0,[],0,0,1,0.0,A20SXG1DHDIDI7,0
The culture exhibit was victimized by vandalism,1,['was victimized'],1,1,1,1.0,A2Y81T0DIFJ866,1
I really enjoy embracing my culture and uplifting those who do as well ,0,[],0,0,1,0.0,A2MF4QDKE40KVN,0
we all have different cultures,0,[],0,0,1,0.0,A7Z6P6K85HX54,0
Culture varies across our country.,0,[],0,0,1,0.0,A2PY9UB56M2PP2,0
American culture is in decline. ,0,[],0,0,1,0.0,A2JUTTLDE5LGHH,0
The french has an unique culture,0,[],0,0,1,0.0,A2F58OOW7K3DD2,0
It was in Marvin culture to celebrate different holiday.,0,[],0,0,1,0.0,A1QW2XUJ7KZCV5,0
They just always do things the wrong way. ,0,[],0,0,1,0.0,A3G3TIX6FEMN8R,0
Cats don like to eat asparagus.,0,[],0,0,1,0.0,A2DDPSXH2X96RF,0
I love the culture,0,[],0,0,1,0.0,A2BZY06YRWGEDL,0
The trend was popular among teens.,0,[],0,0,1,0.0,A1C8FN01981A69,0
 Chinese is sub-category of Asian.,0,[],0,0,1,0.0,A2DU76P3SED4T6,0
I wanted to be at the top of culture,0,[],0,0,1,0.0,AYSX5GNO640MZ,0
I made my mother famous Italian dish for my friends.,0,[],0,0,1,0.0,A2R30HQXQN76IC,0
Some say culture is dead in the 21st century.,0,[],0,0,1,0.0,AMDUEMZUK9GJC,0
The walls were covered in vibrant grafitti.,1,['were covered'],1,1,1,1.0,A2WS07SCLNP1GV,1
Culture has become very large separator among society today. ,0,[],0,0,1,0.0,A3V3LIPOU53GZQ,0
I ve never been to Safari before.,0,[],0,0,1,0.0,AQDA6OMC4W5V8,0
Billy has learned lot about his culture.,0,[],0,0,1,0.0,A1K3VCFF62LIO2,0
Culture plays huge role in how we see ourselves.,0,[],0,0,1,0.0,A2AFAWJX5LTUVN,0
The new rock band is going to be touring soon.,0,[],0,0,1,0.0,AW8JVJQNLTXND,0
Observing culture is important in society.,0,[],0,0,1,0.0,A26ZENZ5G8AEGM,0
The character of nation is reflected by its culture.,1,['is reflected'],1,1,1,1.0,A3Q9H7A8J8GR01,1
The natives had culture that recognized adulthood at age 12. ,0,[],0,0,1,0.0,A2SULQE4M8C3CM,0
Culture shapes relationships amongst people.,0,[],0,0,1,0.0,A2LDDDJ4WBKB8Y,0
The Mayan culture is very interesting topic to read,0,[],0,0,1,0.0,A2VJ27EN5W4MU,0
She is learning about the culture.,0,[],0,0,1,0.0,A1SBWRAOJBEFIM,0
CULTURE BUILT EVERY TRADITION IN A COMMUNITY.,0,[],0,0,1,0.0,A12JQZP4XVOABB,0
I attend cultural show,0,[],0,0,1,0.0,AE5138F868GYB,0
I believe culture is benefit to society.,0,[],0,0,1,0.0,AY2L2CZ6OKNEA,0
Cheeseburgers are eaten by Americans.,1,['are eaten'],1,1,1,1.0,A2S7LNJG767XIU,1
"To Dalton, the meaning of culture includes language, arts, cuisine, music, social habits and religions.",0,[],0,0,1,0.0,A370S3V5OUNP4E,0
He was going to date outside of his culture.,0,[],0,0,1,0.0,A2ZKKOPPN3AX2G,0
Culture today is out of hand.,0,[],0,0,1,0.0,AH7I3K3OJKA5L,0
Teens love alternative music.,0,[],0,0,1,0.0,A5BCSSPC180AG,0
The culture of the country is not inviting.,0,[],0,0,1,0.0,A1TO9C7AZND1VO,0
I wonder about her culture.,0,[],0,0,1,0.0,AE0C5U5HZ7WR9,0
I teach American Culture at junior college in my state.,0,[],0,0,1,0.0,A1D4RC6K6Y5KAV,0
I am celebrating Christmas with my family because I grew up in the western culture.,0,[],0,0,1,0.0,A345TDMHP3DQ3G,0
Their culture was hard to discover ,0,[],0,0,1,0.0,A1U5UPSCURNRAA,0
It is very important to learn about Culture.,0,[],0,0,1,0.0,A18UTX5FD7NPRV,0
There had been great deal of hand wringing about the decline in our culture. ,0,[],0,0,1,0.0,A3T79IEUFBB473,0
Music effects everyone.,0,[],0,0,1,0.0,A3HKD5JYXYBK5Q,0
Cultures are part of yogurt.,0,[],0,0,1,0.0,A3MSMV01T3S53S,0
I loved experiencing the Italian culture when I was there.,0,[],0,0,1,0.0,A2JAE9P7FQXU2T,0
Everyone has different and exciting culture.,0,[],0,0,1,0.0,A23K77HMD9APAJ,0
Culture gives unique personality to many countries. ,0,[],0,0,1,0.0,A322UHGPRL2UWO,0
The Mayan beliefe were of future that would end in 2012.,0,[],0,0,1,0.0,A1EDKVYT9ZCGUH,0
I come from long line of Irish Heritage.,0,[],0,0,1,0.0,A3CX8S6Q0QEW8E,0
The culture was already discussed in the book.,1,['was already discussed'],1,1,1,1.0,AYX9OCFWBM939,1
They had gone to temple to learn about her culture.,0,[],0,0,1,0.0,A1HNB2243A2PQH,0
Culture has always been an interesting topic to study.,0,[],0,0,1,0.0,A1Y38T7IZWJQAE,0
The business was made slow by the pandemic.,1,['was made'],1,1,1,1.0,A3ATU3VULAB7K2,1
I want new business card.,0,[],0,0,1,0.0,A1CTJ8UT7SF317,0
I don know much about business.,0,[],0,0,1,0.0,A327Q0Y175MEH7,0
The store owner had to close for the winter.,0,[],0,0,1,0.0,A19TD2J8506A4Y,0
The CEO has just reviewed the financial statements.,0,[],0,0,1,0.0,A2DDXYTEVDV5F5,0
I wish the stocks would go up. ,0,[],0,0,1,0.0,AJ9O2ZA0E8UDZ,0
They invested wisely.,0,[],0,0,1,0.0,AYXXMHLZRAPF9,0
Business is in shambles right now.,0,[],0,0,1,0.0,A3M0L33TPD346S,0
The boom in the economy was led by business.,1,['led by'],1,1,1,1.0,A33GB614ST7J82,1
 The company worked hard to be the top in their field.,0,[],0,0,1,0.0, COPIEDAKHKMEPXX1YZ9,0
Profits increased this fiscal year.,0,[],0,0,1,0.0,A23273YME4RCEB,0
The business was fined for operating without license.,1,['was fined'],1,1,1,1.0,A3O4WYGKH31OX,1
The entire meal was paid for by my boss.,1,['was paid'],1,1,1,1.0,A3NLSGHK6RFXA8,1
Joe attended the business meeting.,0,[],0,0,1,0.0,AOJF7CPZVK5U3,0
The stock market was paid attention to.,1,['was paid'],1,1,1,1.0,A154ZJKRSX6847,1
Business interests are regulated by the federal government.,1,['are regulated'],1,1,1,1.0,A3FXVNZ5VG98IP,1
I started my own small business when I was very young.,0,[],0,0,1,0.0,AYXN53TNFG71P,0
The meeting was rescheduled for tomorrow. ,1,['was rescheduled'],1,1,1,1.0,AMUKX1DM4ASA7,1
China is great place to travel to.,0,[],0,0,1,0.0,AFE7E450NETF2,0
BUSINESS MEN NOT FINE ALL THE TIME. ,0,[],0,0,1,0.0,A2DLZ9PK82J8L2,0
Business is cut throat sport. ,1,['is cut'],1,1,1,1.0,ARON01UO1YK7I,0
Local retail stores are great convenience. ,0,[],0,0,1,0.0,A3RNGN5WLE1OBU,0
I wish I was able to get more money at the bank.,0,[],0,0,1,0.0,A1ZZETG57T5D5X,0
Business is very interesting ,0,[],0,0,1,0.0,A2Z75NJBZ46RE9,0
Big Business was sued by the government.,1,['was sued'],1,1,1,1.0,A1CI5U3BLQ2DDS,1
 Business is good for the economy. ,0,[],0,0,1,0.0,A1CI5U3BLQ2DDS ,0
The salesperson demonstrated his company products in meeting. ,0,[],0,0,1,0.0,ATSNZCC16HIOI,0
I want to own business ,0,[],0,0,1,0.0,A1SWGSFIMZJQE,0
Business is very broad category. ,0,[],0,0,1,0.0,A33UZLF8WW0DV1,0
Schedule all orientation meetings today before leaving the office.,0,[],0,0,1,0.0,A39GP79ULCP9J2,0
Business was good.,0,[],0,0,1,0.0,A2X5BYJKVKSYQQ,0
She didn know how to organize the business ,0,[],0,0,1,0.0,A12S5JDG2D5HEW,0
I am buying stock today.,0,[],0,0,1,0.0,A1FAQI8VXLAMBM,0
The award was won by the top business.,1,['was won'],1,1,1,1.0,A3P1QF00PF2DF9,1
I am looking for business to start up.,0,[],0,0,1,0.0,A16ZLWV0QUJP65,0
Purdue Pharma settled the lawsuit with billions of dollars.,0,[],0,0,1,0.0,AOJD8D9NXVAR3,0
That business has been closed for awhile.,1,['has been closed'],1,1,1,1.0,A1ZLWV0QUJP65,1
Jamal is fantastic business man. ,0,[],0,0,1,0.0,AAL5LUI5U3NAV,0
Her business is of no concern of mine. ,0,[],0,0,1,0.0,A1TK1M16KJJKEO,0
I work for large business,0,[],0,0,1,0.0,A79XOBCSS4NTG,0
Business is hard.,0,[],0,0,1,0.0,A2O3IWIVOZD4S7,0
Business is major at most colleges and universities.,0,[],0,0,1,0.0,A2SVKAI2PNTS79,0
I closed this business.,0,[],0,0,1,0.0,A2O3IWIVOZD4S7,0
The business was shown new idea.,1,['was shown'],1,1,1,1.0,A2VNR6984SDFGQ,1
The market was down. ,0,[],0,0,1,0.0,A3CLBF224TRYC9,0
The girl entered the business located on Main Street.,0,[],0,0,1,0.0,A8TLS2F8LFQ68,0
The business is open today. ,0,[],0,0,1,0.0,AIJPLVW0ULYTH,0
I sure hadn wanted to visit that apple store since it was so busy.,0,[],0,0,1,0.0,A3CX0LXFHZ6I3I,0
I ll start my business in the next few weeks.,0,[],0,0,1,0.0,A2LEBJWW395FST,0
The fundraiser for the business brought in lot of money.,0,[],0,0,1,0.0,AFTSLCMJASJDR,0
Her background was in Business,0,[],0,0,1,0.0,AA0EJ752F121Q,0
The Business closed its doors promptly at 5pm.,0,[],0,0,1,0.0,A2VN0R4EGGV7KE,0
I went to work today and it was long day.,0,[],0,0,1,0.0,AJKA9BKC011F2,0
My family business is affected by the pandemic. ,1,['is affected'],1,1,1,1.0,A2X823PACMMOKP,1
I am leaving this business.,0,[],0,0,1,0.0,ALG1XBLARJ545,0
The business was robbed during the night.,1,['was robbed'],1,1,1,1.0,A2SKOPFTRTNFUY,1
Dressing up is required to attend meeting.,1,['is required'],1,1,1,1.0,A347NXF6NQGM5G,0
The business is doing well,0,[],0,0,1,0.0,AFRKVRPZ2RHY8,0
I am taking Business course and enjoying all that I am learning.,0,[],0,0,1,0.0,A2OZKKX2O0YTLD,0
I called them and got the sale ,0,[],0,0,1,0.0,A240OTT1T85UGT,0
My contributions to the business were not recognized by my father. ,1,['were not recognized'],1,1,1,1.0,A55E4CZQLYYO3,1
The accountant met with the lawyer.,0,[],0,0,1,0.0,A3QNSOORS63W0D,0
Business creates opportunity.,0,[],0,0,1,0.0,A63XZD0XGIMAI,0
Long lunches are often taken when having business meetings.,1,['are often taken'],1,1,1,1.0,A2ONKY3JGB34T3,1
The CEO made all final decisions for the company.,0,[],0,0,1,0.0,AOJD8D9NXVAR3,0
Business grows with society.,0,[],0,0,1,0.0,A33B85TN97HQ33,0
Sprint was bought out by T-Mobile.,1,['was bought'],1,1,1,1.0,A3J72C0SIACZBS,1
Is is expected that business will be good this year.,1,['is is expected'],1,1,1,1.0,AW3PWVBIGPNAA,1
The business is thriving.,0,[],0,0,1,0.0,AC95JAUAM2L2Z,0
There no business like show business.,0,[],0,0,1,0.0,AFE7E450NETF2,0
I am into business,0,[],0,0,1,0.0,AXR1QGU4KTMSZ,0
The company was involved in community service.,0,[],0,0,1,0.0,COPIEDAKHKMEPXX1YZ9,0
Business is booming,0,[],0,0,1,0.0,AOZBPO12UMPUY,0
Business is booming ,0,[],0,0,1,0.0,A1JSPB0XCFUUG1,0
The accountant was fired.,1,['was fired'],1,1,1,1.0,A2VAG94W4SK18C,1
Business is no fun but it worth it.,0,[],0,0,2,0.0,A2GIT09BQEUM9M,0
Business was taken over. ,1,['was taken'],1,1,1,1.0,A162CO8K267FU8,1
I keep track of my own orders. ,0,[],0,0,1,0.0,A3S9ASZKIIJ3WF,0
Business makes the world go round.,0,[],0,0,1,0.0,A3JUAN2Y9XTK5L,0
He opened the business 10 years ago.,0,[],0,0,1,0.0,A23FK9ROU01U4D,0
The business is not doing well,0,[],0,0,1,0.0,A79XOBCSS4NTG,0
The firm was able to make ton of money this quarter. ,0,[],0,0,1,0.0,AU34Y1DWWQ47O,0
i owned my business,0,[],0,0,1,0.0,A2TWX0MB777CAB,0
Business can be very challenging at times.,0,[],0,0,1,0.0,A1HYNGG8LZUV47,0
The business did not meet the state protocols to remain operational.,0,[],0,0,1,0.0,AQDBBBTN8NE9X,0
Business was boring subject.,0,[],0,0,1,0.0,A36G7I51D5O1M4,0
His business suffered due to the economy.,0,[],0,0,1,0.0,COPIEDAPV3GK8ZEXB0J,0
I take many business trips.,0,[],0,0,1,0.0,A38LW34F26WBJY,0
I run my business online,0,[],0,0,1,0.0,A35TZ4YGDSXSEC,0
Stock prices were mixed after investors faced uncertainty.,0,[],0,0,1,0.0,A37CSK5QI41636,0
It is time to close the doors on this business. ,0,[],0,0,1,0.0,ACIWLS3IQPV1J,0
My mom was doing taxes as I watched tv.,0,[],0,0,1,0.0,A1N274L13ZKKI5,0
This business is profitable every year.,0,[],0,0,1,0.0,A3NG205QJ48IM4,0
My cousin got degree in Business.,0,[],0,0,1,0.0,A2I6YPPQK6BU09,0
This business is failing fast. ,0,[],0,0,1,0.0,A1H4MYPDJ2K3VI,0
Salaries were reduced by the CEO.,1,['were reduced'],1,1,1,1.0,A15B294KHVGPFV,1
I really hate Apple,0,[],0,0,1,0.0,A3774HPOUKYTX7,0
They are growing the business.,0,[],0,0,1,0.0,ARTARDCXLJ5H6,0
The DOW is up.,0,[],0,0,1,0.0,A2RCUR9HJ9D0UQ,0
I studied business in college.,0,[],0,0,1,0.0,AO9AKYPPGGGZ4,0
I am an important business man,0,[],0,0,1,0.0,ADIW4L4IGU98R,0
My daily activity involves running my own business.,0,[],0,0,1,0.0,A34IZFOSHOZ4GN,0
I invested ton of money in stocks. ,0,[],0,0,1,0.0,A11ILN5YSUDVG8,0
The presentation from today meeting was developed by the business manager.,1,['was developed'],1,1,1,1.0,A13CFYL1AW272Y,1
The corporation as whole was damaged significantly by the CEO scandal.,1,['was damaged'],1,1,1,1.0,AAFM5PPF9P0W,1
I enjoy working here. ,0,[],0,0,1,0.0,A20P819KPQWCK0,0
The CEO opinion was not heard by the board.,1,['was not heard'],1,1,1,1.0,A2OKJSKQFMCZTP,1
I own my own business.,0,[],0,0,1,0.0,AM0FRMVODTMXA,0
I am going to business meeting in one hour. ,0,[],0,0,1,0.0,A2WSYQ5TS09U1,0
I am activating my bank account today.,0,[],0,0,1,0.0,A1FAQI8VXLAMBM,0
Businesses are very important for the market.,0,[],0,0,1,0.0,A3C9B757QTE20C,0
Business is conducted within the hours of 0900-1700,1,['is conducted'],1,1,1,1.0,AK70USZXEJSF3,1
My business is very important.,0,[],0,0,1,0.0,A3BWZ6V34W8SXX,0
Comic shops were more viable business before the pandemic. ,0,[],0,0,1,0.0,A3U6RDG7BLH6YZ,0
Today business world is suffering because of the pandemic.,0,[],0,0,1,0.0,A2HUWXLMG214BI,0
The bakery was happy with all of it satisfied customers.,0,[],0,0,1,0.0,A16DIQCMNWPBAN,0
I think his business is pretty successful. ,0,[],0,0,1,0.0,A357ADRGNGMMKC,0
Their business is secret.,0,[],0,0,1,0.0,A3V2HVY764HJS4,0
The business man was sent home because he had fever,1,['was sent'],1,1,1,1.0,A2W5PAZJG6X8Q8,1
In business it is easy to become millionaire.,0,[],0,0,1,0.0,A118RTS8BOFIH7,0
The contract was not signed by the business.,1,['was not signed'],1,1,1,1.0,A31CNXHGR49DJR,1
Business is very volatile,0,[],0,0,1,0.0,A3OM2ZQ7FUDTIN,0
"We had business to deal with first, then pleasure.",0,[],0,0,1,0.0,A3PSV85ZUXP9VF,0
I lost all my money from my pizza business,0,[],0,0,1,0.0,A3G11HOZ5PCWOH,0
Businesses suck the money out of folk wallets. ,0,[],0,0,1,0.0,A33ELVLU0NX9N9,0
The CEO has an office in an high rise.,0,[],0,0,1,0.0,A2W434UNNBRS4L,0
I am in the process of purchasing new car.,0,[],0,0,1,0.0,A2EW08X2I87RXL,0
More than 300 employees of the company were laid off on Friday. ,1,['were laid'],1,1,1,1.0,AHTWQSOY6HTJI,1
That meeting made me feel so nervous.,0,[],0,0,1,0.0,A16Y5JEB1EF9CY,0
Business is not very fun.,0,[],0,0,1,0.0,A3M0L33TPD346S,0
The CEO of that company earned very high bonus this year.,0,[],0,0,1,0.0,AY4KZOUEZ8BAM,0
Business is in the heart of commerce.,0,[],0,0,1,0.0,A14Z1JSAR9JEON,0
Mind you business and stay outta mines.,0,[],0,0,1,0.0,A3M2Q7EZCJ85GE,0
His business grew to hugh success over night. ,0,[],0,0,1,0.0,A36W1PIV68AE5KÔÉÖ,0
I would like to receive payment for my private business.,0,[],0,0,1,0.0,ANR81FZBHHR0F,0
The business closed after their hours of operation.,0,[],0,0,1,0.0,A2UOOBZQ5L2EL1,0
Keeping his business is what keeps Steve working so hard.,0,[],0,0,1,0.0,j2wj0096lt,0
WE are skyrocketing ,0,[],0,0,1,0.0,A3NUGUAMBKYMZY,0
Business has been bad lately.,0,[],0,0,1,0.0,A33TBDS0UALKW2,0
The company was taken over by its competitor.,1,['was taken'],1,1,1,1.0,A2BT7QVGXJKFKI,1
Amy studies accounting daily and is quite good at it.,0,[],0,0,1,0.0,A39J8MSTUDVH0D,0
Our business has been slow this year.,0,[],0,0,1,0.0,A15X9KAJB8M54B,0
Business is the engine of capitalism.,0,[],0,0,1,0.0,A1CRE2Z623JZ6V,0
The chairman of the board was fired due to lack of sails.,1,['was fired'],1,1,1,1.0,A3H8A6SSZH6MQQ,1
Business was not the prime interest of the family meeting.,0,[],0,0,1,0.0,A2137K4XEU12TI,0
Leaders of business often give speeches and workshops to teach people new to the workforce.,0,[],0,0,1,0.0,AMFIHFK9N0OVK,0
I am starting my own business.,0,[],0,0,1,0.0,A1JAWNX4R60ZZ0,0
I actively invest in the stock market.,0,[],0,0,1,0.0,A1MPJYJCUAOFOB,0
She was told business is necessary.,1,['was told'],1,1,1,1.0,A3HT6YYXPBRKN3,1
My business will excel with the right mentors.,0,[],0,0,1,0.0,A3V9UGWBPDRFSG,0
The shareholders were satisfied with the bosses news about opening new business.,0,[],0,0,1,0.0,A1ZJ3TU4QJIKLY,1
Business is very well known career field.,0,[],0,0,1,0.0,A129LL7SYP8EOE,0
The local Chamber of Commerce was founded in 1952.,1,['was founded'],1,1,1,1.0,A2VUF0V7HT51Q3,1
I never got into business.,0,[],0,0,1,0.0,A3IB7YJHP04OHI,0
The business is doing really well.,0,[],0,0,1,0.0,A13DHPKBQXN9R7,0
The business world has had to adapt to many changes.,0,[],0,0,1,0.0,A1B3K5W6NZ03U2,0
The businesses had been opened in 2019.,1,['had been opened'],1,1,1,1.0,A29KJK7GPUF3OT,1
The business was in jeopardy.,0,[],0,0,1,0.0,A26A77APE2SUR5,0
My business is much more successful than most.,0,[],0,0,1,0.0,A8BSFVAPZBIUS ,0
I am going to get those books done.,0,[],0,0,1,0.0,A1ADRYNCJIRFOO,0
Those items were sold by the top salesperson in the company.,1,['were sold'],1,1,1,1.0,A1PAN54I7HWSZI,1
They are closing down their business.,0,[],0,0,1,0.0,AS8JG1LSWTMGY,0
Business will pick-up as more people get their vaccine.,0,[],0,0,1,0.0,A25D8WXH1F4CG9,0
I lost my business when the economy fell. ,0,[],0,0,1,0.0,A1TK1M16KJJKEO,0
Len majored in business in university.,0,[],0,0,1,0.0,A1282WX3YWXM6E,0
I AM GOING TO EAT AT THE LOCAL SUSHI RESTAURANT TONIGHT,0,[],0,0,1,0.0,A3SUUPLFBSG1T9,0
Business was done as usual.,1,['was done'],1,1,1,1.0,A2T6EBB0Z6TQZS  ,1
The man made sale that went bad. ,0,[],0,0,1,0.0,A3G1X3IP2VM4IK,0
She was seeking position as manager in business.,0,[],0,0,1,0.0,A1KRDCZ1YYBUIZ,0
We were looking at business sites. ,0,[],0,0,1,0.0,A1X84CLJ7N1PLZ,0
Business has been good.,0,[],0,0,1,0.0,A141B3S3ZLY8DI,0
The business was filing for bankruptcy.,0,[],0,0,1,0.0,A1BDJMFP24FBGL,0
the man suceeded greatly at his business,0,[],0,0,1,0.0,A3F34OE3VQ7W0V,0
A small business was bought out by large company.,1,['was bought'],1,1,1,1.0,A2BQ5JORLYGZMV,1
The business is blooming ,0,[],0,0,1,0.0,A3ONF400XL2Y9U,0
Our business is stressful.,0,[],0,0,1,0.0,A2HDZE2L9EX2SY,0
business was shut down,1,['was shut'],1,1,1,1.0,A2EY0J9LOPU3TU,1
The business of marketing is highly profitable.,0,[],0,0,1,0.0,A20SXG1DHDIDI7,0
The old business had been subsumed by the new merger,1,['had been subsumed'],1,1,1,1.0,A2Y81T0DIFJ866,1
One of my goals is to have my own Business in the near future ,0,[],0,0,1,0.0,A2MF4QDKE40KVN,0
I own my business for two years,0,[],0,0,1,0.0,A7Z6P6K85HX54,0
Business is booming.,0,[],0,0,1,0.0,A2PY9UB56M2PP2,0
The business is under pressure due to the pandemic. ,0,[],0,0,1,0.0,A2JUTTLDE5LGHH,0
I have an interest in Business,0,[],0,0,1,0.0,A2F58OOW7K3DD2,0
Monica was driven to the store last night.,1,['was driven'],1,1,1,1.0,A1QW2XUJ7KZCV5,1
I would ve done it differently. ,0,[],0,0,1,0.0,A3G3TIX6FEMN8R,0
The bath is far too hot for me to bathe.,0,[],0,0,1,0.0,A2DDPSXH2X96RF,0
Business is going great,0,[],0,0,1,0.0,A2BZY06YRWGEDL,0
Stocks were sold by the company before the end of the quarter. ,1,['were sold'],1,1,1,1.0,A1C8FN01981A69,1
"When will people return to the office, after COVID-19 ",0,[],0,0,1,0.0,A2DU76P3SED4T6,0
I will open my own business one day,0,[],0,0,1,0.0,AYSX5GNO640MZ,0
Jeff and Gary agreed on the merger and shook hands.,0,[],0,0,1,0.0,A2R30HQXQN76IC,0
A group of businessmen were gathered at the bar.,1,['were gathered'],1,1,1,1.0,AMDUEMZUK9GJC,1
Clients were given itemized invoices.,1,['were given'],1,1,1,1.0,A2WS07SCLNP1GV,1
Many businesses were shut down during the Covid pandemic. ,1,['were shut'],1,1,1,1.0,A3V3LIPOU53GZQ,1
The CEO wanted to gather the employee together.,0,[],0,0,1,0.0,AQDA6OMC4W5V8,0
The supervisor read the memo and asked the employees questions.,0,[],0,0,1,0.0,A1K3VCFF62LIO2,0
The business reopened after two months of lockdown.,0,[],0,0,1,0.0,A2AFAWJX5LTUVN,0
The new information for the banking regulations will be delivered this afternoon.,1,['will be delivered'],1,1,1,1.0,AW8JVJQNLTXND,1
Investing in the company is lucretive.,0,[],0,0,1,0.0,A26ZENZ5G8AEGM,0
Lot of economic growth is provided by businesses.,1,['is provided'],1,1,1,1.0,A3Q9H7A8J8GR01,1
The business recognized its error and made retribution. ,0,[],0,0,1,0.0,A2SULQE4M8C3CM,0
Business influences politicians.,0,[],0,0,1,0.0,A2LDDDJ4WBKB8Y,0
Companies enjoy making good profit from the businesses they run.,0,[],0,0,1,0.0,A2VJ27EN5W4MU,0
The man is starting business.,0,[],0,0,1,0.0,A1SBWRAOJBEFIM,0
BUSSINESS ARE DEVELOP THROUGH A SIMPLE IDEA.,0,[],0,0,1,0.0,A12JQZP4XVOABB,0
he is busy in business,0,[],0,0,1,0.0,AE5138F868GYB,0
Business will grow to offset the cost of living.,0,[],0,0,1,0.0,AY2L2CZ6OKNEA,0
The income was totaled by the Accountant. ,1,['was totaled'],1,1,1,1.0,A2S7LNJG767XIU,1
The business dedicates long hours to helping those in need.,0,[],0,0,1,0.0,A370S3V5OUNP4E,0
He was going to apply there.,0,[],0,0,1,0.0,A2ZKKOPPN3AX2G,0
I have business in the city.,0,[],0,0,1,0.0,AH7I3K3OJKA5L,0
Companies merge with other companies.,0,[],0,0,1,0.0,A5BCSSPC180AG,0
The business will go under very soon.,0,[],0,0,1,0.0,A1TO9C7AZND1VO,0
I wonder if business is good.,0,[],0,0,1,0.0,AE0C5U5HZ7WR9,0
The newest business to spring during the Pandemic is Home Delivery.,0,[],0,0,1,0.0,A1D4RC6K6Y5KAV,0
I started my own business.,0,[],0,0,1,0.0,A345TDMHP3DQ3G,0
Business was going well,0,[],0,0,1,0.0,A1U5UPSCURNRAA,0
Business is booming this month ,0,[],0,0,1,0.0,A18UTX5FD7NPRV,0
CEOS were not given much notice before firing. ,1,['were not given'],1,1,1,1.0,A3T79IEUFBB473,1
The accountant showed his work at the meeting.,0,[],0,0,1,0.0,A3HKD5JYXYBK5Q,0
Business is questionable these days.,0,[],0,0,1,0.0,A3MSMV01T3S53S,0
He had his own business for 20 years.,0,[],0,0,1,0.0,A2JAE9P7FQXU2T,0
I started business recently that is going so great so far ,0,[],0,0,1,0.0,A23K77HMD9APAJ,0
A business thrives when managed responsibly. ,0,[],0,0,1,0.0,A322UHGPRL2UWO,0
The shareholders were not satisfied by the CEO explanations,0,[],0,0,1,0.0,A1EDKVYT9ZCGUH,1
I would mind what you are doing in this meeting.,0,[],0,0,1,0.0,A3CX8S6Q0QEW8E,0
I had no business doing that.,0,[],0,0,1,0.0,AYX9OCFWBM939,0
They had good business sales then.,0,[],0,0,1,0.0,A1HNB2243A2PQH,0
I had never understood many aspects of business.,0,[],0,0,1,0.0,A1Y38T7IZWJQAE,0
