Sentence,ID,Test,Cond,human_coding
The politics being discussed were causing scene.,A3ATU3VULAB7K2,2.0,2,1
The world of politics is quite fascinating.,A1CTJ8UT7SF317,1.0,1,0
I don usually participate in discussions about politics.,A327Q0Y175MEH7,1.0,1,0
The president was impeached before his second term.,A19TD2J8506A4Y,1.0,2,1
The President just gave speech about COVID relief.,A2DDXYTEVDV5F5,1.0,1,0
I wish the government was better.,AJ9O2ZA0E8UDZ,2.0,2,0
Sanders fights for the working class.,AYXXMHLZRAPF9,1.0,1,0
Politics is topic for the commoners.,A3M0L33TPD346S,1.0,1,0
The passage of the bill was interrupted by politics.,A33GB614ST7J82,1.0,2,1
The Democratic candidate won the election by landslide., COPIEDAKHKMEPXX1YZ9,2.0,1,0
The House passed the bill with bipartisan support.,A23273YME4RCEB,1.0,1,0
Politics was the focus of her television viewing.,A3O4WYGKH31OX,1.0,2,0
"A dangerous game, politics sometimes is.",A3NLSGHK6RFXA8,1.0,2,0
Donald Trump destroyed the Republican Party.,AOJF7CPZVK5U3,1.0,1,0
An interesting election had occured.,A154ZJKRSX6847,1.0,2,1
Politics is believed to be unimportant by number of Americans.,A3FXVNZ5VG98IP,1.0,2,1
I am stunned at the impact politics is having on our country these days.,AYXN53TNFG71P,1.0,1,0
The president was elected last week. ,AMUKX1DM4ASA7,1.0,2,1
Politics is hot topic issue for many Americans.,AFE7E450NETF2,1.0,1,0
POLITICS DRIVE EVERYONE CRAZY.,A2DLZ9PK82J8L2,1.0,1,0
Politics is den of snakes. ,ARON01UO1YK7I,2.0,2,0
I was happy to vote. ,A3RNGN5WLE1OBU,1.0,1,0
The past President did not do so well.,A1ZZETG57T5D5X,2.0,2,0
Politics is very messy,A2Z75NJBZ46RE9,1.0,1,0
American politics was ruined by Donald Trump.,A1CI5U3BLQ2DDS,1.0,2,1
 Politics is the art of the possible. ,A1CI5U3BLQ2DDS ,1.0,1,0
He voted for the Democratic candidate. ,ATSNZCC16HIOI,1.0,1,0
I want to see the best politics from the Democratic Party ,A1SWGSFIMZJQE,2.0,2,0
Politics can can cause discomfort in some people. ,A33UZLF8WW0DV1,2.0,2,0
The Trump regime is far from over.,A39GP79ULCP9J2,1.0,1,0
Politics is contentious.,A2X5BYJKVKSYQQ,1.0,1,0
I once voted in local election ,A12S5JDG2D5HEW,2.0,2,0
I vote because it is my right.,A1FAQI8VXLAMBM,2.0,1,0
The race was won by President Trump.,A3P1QF00PF2DF9,1.0,2,1
I am watching this politician lie right now ,A16ZLWV0QUJP65,2.0,1,0
Joe Biden signed the stimulus bill.,AOJD8D9NXVAR3,1.0,1,0
Politics have become senseless.,A1ZLWV0QUJP65,2.0,2,1
Trump is the worst president of all time. ,AAL5LUI5U3NAV,1.0,1,0
I do not know much about my country politics. ,A1TK1M16KJJKEO,1.0,2,0
I went to the political rally,A79XOBCSS4NTG,1.0,1,0
Politics is difficult career.,A2O3IWIVOZD4S7,1.0,1,0
Politics are very controversial.,A2SVKAI2PNTS79,2.0,2,0
"The people voted for the President,",A2O3IWIVOZD4S7,1.0,1,0
The country was shown lot of problems with politics,A2VNR6984SDFGQ,1.0,2,1
The voters were important in deciding the election. ,A3CLBF224TRYC9,1.0,2,0
The man read about politics in his local newspaper.,A8TLS2F8LFQ68,1.0,1,0
Liberal politics are out of control. ,AIJPLVW0ULYTH,2.0,1,0
Most politicians seem to only be in it for themselves.,A3CX0LXFHZ6I3I,1.0,2,0
Getting involved in politics is easy.,A2LEBJWW395FST,1.0,1,0
The ballots were clearly marked on Election Day.,AFTSLCMJASJDR,1.0,2,1
He had no interest in politics,AA0EJ752F121Q,2.0,2,0
Politics often threatens family gatherings that would otherwise be fun.,A2VN0R4EGGV7KE,2.0,1,0
I went and voted today.,AJKA9BKC011F2,2.0,1,0
The politics pay big role.,A2X823PACMMOKP,1.0,1,0
The mayor in the politicians office was corrupted. ,ALG1XBLARJ545,1.0,2,1
The Republicans were defeated by the Democrats in the last US Presidential election.,A2SKOPFTRTNFUY,1.0,2,1
Citizens were impacted by the president choices.,A347NXF6NQGM5G,1.0,2,1
A person politics make up their personality.,AFRKVRPZ2RHY8,1.0,2,0
I am campaigning for cause that supports Republican Politics.,A2OZKKX2O0YTLD,2.0,1,0
Trump yelled at the heckler ,A240OTT1T85UGT,1.0,1,0
The family would have heated political arguments after dinner. ,A55E4CZQLYYO3,2.0,2,0
The debate tonight was heated ,A3QNSOORS63W0D,2.0,1,0
Politics requires suffering.,A63XZD0XGIMAI,1.0,1,0
There were not enough votes to elect him.,A2ONKY3JGB34T3,1.0,2,1
Joe Biden toured the country when he ran for President.,AOJD8D9NXVAR3,1.0,1,0
Politics ruins society.,A33B85TN97HQ33,1.0,1,0
Donald Trump got beat by Joe Biden in the 2020 Elections.,A3J72C0SIACZBS,1.0,2,1
An error was made in the tabulation of votes.,AW3PWVBIGPNAA,1.0,2,1
Politics are very complicated.,AC95JAUAM2L2Z,1.0,1,0
Abortion is sensitive topic for many people.,AFE7E450NETF2,1.0,2,0
I am into politics,AXR1QGU4KTMSZ,1.0,1,0
The politician was impeached for extreme corruption.,COPIEDAKHKMEPXX1YZ9,2.0,2,1
I don want to write anything about politics ,AOZBPO12UMPUY,1.0,1,0
Politics is in every workplace .,A1JSPB0XCFUUG1,2.0,1,0
The president was elected that night.,A2VAG94W4SK18C,1.0,2,1
Politics can be stressful to be involved in. ,A2GIT09BQEUM9M,,1,0
Politics are product of systems.,A162CO8K267FU8,1.0,2,0
I do not like Donal Trump.,A3S9ASZKIIJ3WF,2.0,1,0
Politics help society function.,A3JUAN2Y9XTK5L,2.0,1,0
I wish there had been different candidates running for President in the election.,A23FK9ROU01U4D,2.0,2,1
The nation is arguing over politics,A79XOBCSS4NTG,1.0,2,0
The president did not want to concede the ellection.,AU34Y1DWWQ47O,1.0,1,0
i liked politics,A2TWX0MB777CAB,2.0,2,0
Politics are slipper slope.,A1HYNGG8LZUV47,2.0,1,0
Politics never interested me growing up.,AQDBBBTN8NE9X,2.0,2,1
Politics would have to be considered.,A36G7I51D5O1M4,2.0,2,1
The President signed the bill into law today.,COPIEDAPV3GK8ZEXB0J,1.0,1,0
I avoid talking about politics.,A38LW34F26WBJY,1.0,1,0
My favorite candidate is Joe Biden,A35TZ4YGDSXSEC,1.0,1,0
The American people were misled by the government message.,A37CSK5QI41636,1.0,2,1
I feel like all they talk about is the politics on the news. ,ACIWLS3IQPV1J,2.0,1,0
My dad went to vote while I stayed in the car.,A1N274L13ZKKI5,1.0,2,0
Politics play major role in the formation of opinions.,A3NG205QJ48IM4,1.0,1,0
I did vote in the last election.,A2I6YPPQK6BU09,1.0,1,0
If I bring up politics at dinner I ll surely start fight.,A1H4MYPDJ2K3VI,2.0,1,0
Joe Biden was elected as the next president. ,A15B294KHVGPFV,1.0,2,1
I really hate Republican s,A3774HPOUKYTX7,1.0,1,0
Politics can be stressful topic.,ARTARDCXLJ5H6,2.0,2,0
The taxes are low for education.,A2RCUR9HJ9D0UQ,1.0,2,0
I spoke with my friend about the political race.,AO9AKYPPGGGZ4,2.0,1,0
I am so tired of politics,ADIW4L4IGU98R,1.0,1,0
Jane plays games in politics by running for office under an independent party name.,A34IZFOSHOZ4GN,1.0,1,0
I voted in the last election. ,A11ILN5YSUDVG8,1.0,1,0
A rally was held for Biden by the Democratic party before the election. ,A13CFYL1AW272Y,1.0,2,1
The state health department was affected negatively by the Governor vote to cut funding.,AAFM5PPF9P0W,1.0,2,1
Bill Clinton slept with his intern Monika Lewinsky. ,A20P819KPQWCK0,1.0,1,0
Politics tends to go into one ear and out of the other.,A2OKJSKQFMCZTP,1.0,2,0
The new mayor seems to not know anything about politics.,AM0FRMVODTMXA,1.0,1,0
I enjoy watching politics on tv. ,A2WSYQ5TS09U1,1.0,1,0
Marisha votes for the Democratic Party. ,A1FAQI8VXLAMBM,2.0,1,0
Politics are always on the television.,A3C9B757QTE20C,2.0,1,0
Politics can be complicated,AK70USZXEJSF3,2.0,2,0
I very active in politics.,A3BWZ6V34W8SXX,2.0,1,0
People often talk about how political discourse was more civil in the past. ,A3U6RDG7BLH6YZ,2.0,1,0
Some politicians are not to be trusted.,A2HUWXLMG214BI,2.0,2,1
The mayor was satisfied with the voters opinion.,A16DIQCMNWPBAN,2.0,2,0
It is nice to see president that has morals ,A357ADRGNGMMKC,1.0,1,0
How much do you enjoy reading about politics ,A3V2HVY764HJS4,2.0,1,0
Politics is the biggest debate in America ,A2W5PAZJG6X8Q8,2.0,2,0
In politics senators make huge salaries.,A118RTS8BOFIH7,1.0,1,0
The election was lost by the Republican.,A31CNXHGR49DJR,1.0,2,1
Politics can cumbersome,A3OM2ZQ7FUDTIN,1.0,1,0
Politics have ruined this country.,A3PSV85ZUXP9VF,2.0,2,0
Last year i voted for man with orange hair,A3G11HOZ5PCWOH,2.0,2,0
Politics is an exciting game to watch. ,A33ELVLU0NX9N9,1.0,1,0
The President sits at his desk.,A2W434UNNBRS4L,1.0,2,0
I think what is happening in the world is wrong,A2EW08X2I87RXL,2.0,1,0
Misleading statements were made during the debate.,AHTWQSOY6HTJI,1.0,2,1
I hated that politics class.,A16Y5JEB1EF9CY,1.0,2,0
I think politics are overrated.,A3M0L33TPD346S,2.0,2,0
The president enacted some controversial policies.,AY4KZOUEZ8BAM,1.0,1,0
Politics pays havoc with people mind.,A14Z1JSAR9JEON,1.0,2,0
Politics is very important issue in our country.,A3M2Q7EZCJ85GE,2.0,2,0
I think I know lot about politics.,A36W1PIV68AE5KÔÉÖ,2.0,2,0
I will change people opinion about racial rights.,ANR81FZBHHR0F,1.0,1,0
Politics are not often discussed in the workplace.,A2UOOBZQ5L2EL1,2.0,2,1
Politics are currently all anyone talks about at work.,j2wj0096lt,2.0,1,0
I love how the polling is going ,A3NUGUAMBKYMZY,1.0,1,0
Politics runs the world.,A33TBDS0UALKW2,1.0,1,0
The incumbent senator was defeated by the challenger.,A2BT7QVGXJKFKI,1.0,2,1
"John was just elected mayor of our town, something he has always wanted to be.",A39J8MSTUDVH0D,1.0,1,1
Politicians should not tweet about politics.,A15X9KAJB8M54B,2.0,2,0
politics is the bane of existence.,A1CRE2Z623JZ6V,2.0,1,0
The senator approval ratings had sunken since voting for the crime bill.,A3H8A6SSZH6MQQ,2.0,2,1
Politics was not topuc of conversation.,A2137K4XEU12TI,1.0,2,0
The mayor decides to run for office another year after successful year in politics.,AMFIHFK9N0OVK,2.0,1,0
I closely follow politics.,A1JAWNX4R60ZZ0,1.0,1,0
I voted for the President.,A1MPJYJCUAOFOB,1.0,1,0
I heard many things about politics.,A3HT6YYXPBRKN3,2.0,2,0
I believe politicians will not lead our country in the right direction.,A3V9UGWBPDRFSG,1.0,1,0
The preident does not like politics when there devicive.,A1ZJ3TU4QJIKLY,2.0,2,0
Politics is definitely very sensitive topic in this society.,A129LL7SYP8EOE,2.0,1,0
The vote certification was delayed several hours due to an attack on Congress.,A2VUF0V7HT51Q3,1.0,2,1
In the past I was not very interested in politics.,A3IB7YJHP04OHI,2.0,2,0
The president is calling staff meeting.,A13DHPKBQXN9R7,2.0,1,0
I do not follow politics.,A1B3K5W6NZ03U2,1.0,1,0
The political ad was placed by Cathy.,A29KJK7GPUF3OT,1.0,2,1
The politician scheduled his week-long campaign.,A26A77APE2SUR5,2.0,2,0
Politics makes people crazy ,A8BSFVAPZBIUS ,1.0,1,0
I am going to be running for office during the next election. ,A1ADRYNCJIRFOO,1.0,1,0
The election was won by the oldest candidate.,A1PAN54I7HWSZI,1.0,2,1
 Effective campaigning is paramount to winning.,AS8JG1LSWTMGY,2.0,2,0
Politics are not for the soft hearted.,A25D8WXH1F4CG9,1.0,1,0
People in politics lie all the time.,A1TK1M16KJJKEO,1.0,2,0
George studied politics in college for his major.,A1282WX3YWXM6E,2.0,1,0
I VOTED IN THE LAST ELECTION,A3SUUPLFBSG1T9,1.0,1,0
Politics was used by student body.,A2T6EBB0Z6TQZS  ,1.0,2,1
The nation is now calm after our new president has arrived.,A3G1X3IP2VM4IK,2.0,2,0
The Senator was begging for votes.,A1KRDCZ1YYBUIZ,1.0,1,0
We were in line with many Trump supporters. ,A1X84CLJ7N1PLZ,1.0,2,0
Politics can be disappointing subject.,A141B3S3ZLY8DI,2.0,2,0
The politics of it were getting messy.,A1BDJMFP24FBGL,1.0,1,0
the news told me about politics,A3F34OE3VQ7W0V,1.0,2,0
The Demomcrats conceded to the Republicans objections.,A2BQ5JORLYGZMV,2.0,2,0
The politicians are voting ,A3ONF400XL2Y9U,1.0,1,0
Politics have become too much to handle. ,A2HDZE2L9EX2SY,1.0,1,0
Trump was defeated,A2EY0J9LOPU3TU,1.0,2,1
American politics have become highly polarized.,A20SXG1DHDIDI7,1.0,1,0
My political voice was suppressed by public opinion ,A2Y81T0DIFJ866,1.0,2,1
Politics can be very complex to discuss ,A2MF4QDKE40KVN,1.0,1,0
who do you want to vote,A7Z6P6K85HX54,1.0,2,0
Politics are divisive topic.,A2PY9UB56M2PP2,1.0,1,0
Politics was once where Americans worked together to solve problems.,A2JUTTLDE5LGHH,1.0,2,0
I sometimes follow politics,A2F58OOW7K3DD2,1.0,1,0
Politics are all that he had to go on.,A1QW2XUJ7KZCV5,2.0,2,0
Some people just don understand. ,A3G3TIX6FEMN8R,2.0,2,0
The dog is barking at the mailman.,A2DDPSXH2X96RF,1.0,1,0
Politics are terrible right now,A2BZY06YRWGEDL,2.0,1,0
Poor decisions led to the loss by the candidate. ,A1C8FN01981A69,2.0,2,0
When will the next Congressmen run for office ,A2DU76P3SED4T6,2.0,1,0
I want to be more involed in Politics,AYSX5GNO640MZ,1.0,1,0
I voted at my local voting precinct.,A2R30HQXQN76IC,1.0,1,0
"The political process may move slowly, but eventually there are results.",AMDUEMZUK9GJC,1.0,1,0
The candidate is shown to have lied several times.,A2WS07SCLNP1GV,1.0,2,1
"If politics were not allowed in the news, there would be no news. ",A3V3LIPOU53GZQ,2.0,2,1
The Democrats won the election this year.,AQDA6OMC4W5V8,1.0,2,0
President Biden wins the election.,A1K3VCFF62LIO2,2.0,1,0
Many citizens passionately debate politics.,A2AFAWJX5LTUVN,2.0,1,0
When is Biden going to make speech in Atlanta ,AW8JVJQNLTXND,2.0,1,0
The candidate is likely to win.,A26ZENZ5G8AEGM,1.0,1,0
People are made fools due to some political leaders.,A3Q9H7A8J8GR01,1.0,2,1
The president was satisfied with the bill so he signed it. ,A2SULQE4M8C3CM,2.0,2,0
Politics changes the ways people understand each other.,A2LDDDJ4WBKB8Y,1.0,1,0
Politics can be tricky on either the democratic or the republican side.,A2VJ27EN5W4MU,1.0,2,0
They are following politics.,A1SBWRAOJBEFIM,1.0,1,0
THE POLITICS THIS DAYS ARE SO COMPLICATED.,A12JQZP4XVOABB,2.0,2,0
he hates politics,AE5138F868GYB,1.0,1,0
Politics can sometimes help person reason.,AY2L2CZ6OKNEA,2.0,1,0
The disease was released by the President.,A2S7LNJG767XIU,1.0,2,1
Donald Trump frequently engages in politics with other political figures.,A370S3V5OUNP4E,1.0,1,0
He is going to run in the next election.,A2ZKKOPPN3AX2G,1.0,2,0
The politics of it are confusing.,AH7I3K3OJKA5L,2.0,1,0
Republicans and Democrats are opposed to one another.,A5BCSSPC180AG,2.0,2,0
Politics in the country suck ,A1TO9C7AZND1VO,1.0,1,0
That what became of the voters.,AE0C5U5HZ7WR9,2.0,2,0
I am moderate when it comes to politics.,A1D4RC6K6Y5KAV,2.0,1,0
I identify as Republican.,A345TDMHP3DQ3G,1.0,1,0
The position was removed from office,A1U5UPSCURNRAA,2.0,2,1
Politics is very relevant topic in the world today.,A18UTX5FD7NPRV,2.0,1,0
Voters were discouraged to gather at the polls.,A3T79IEUFBB473,2.0,2,1
The brothers argued over who they would vote for in the election.,A3HKD5JYXYBK5Q,1.0,1,0
I am over the politics.,A3MSMV01T3S53S,2.0,1,0
The election was very unfair.,A2JAE9P7FQXU2T,2.0,2,0
Politics makes me so upset ,A23K77HMD9APAJ,1.0,1,0
I avoid speaking about Politics while at work. ,A322UHGPRL2UWO,2.0,1,0
My political views were not recognized.,A1EDKVYT9ZCGUH,2.0,2,1
I will run for political office one day.,A3CX8S6Q0QEW8E,1.0,1,0
My mom was already aware of the current politics.,AYX9OCFWBM939,2.0,2,0
They battled about immigration in the debate last night.,A1HNB2243A2PQH,2.0,2,0
Her use of politics had been tricky to understanding in the meeting.,A1Y38T7IZWJQAE,2.0,2,0
The sports being gambled on were very fast paced.,A3ATU3VULAB7K2,2.0,2,1
Sports is an entertaining activity.,A1CTJ8UT7SF317,1.0,1,0
I do not enjoy sports.,A327Q0Y175MEH7,1.0,1,0
The basketball team was driven home in bus.,A19TD2J8506A4Y,1.0,2,1
I play basketball on the weekends.,A2DDXYTEVDV5F5,1.0,1,0
I wish the Lakers would win.,AJ9O2ZA0E8UDZ,2.0,2,0
Our pitcher throws 150km h.,AYXXMHLZRAPF9,1.0,1,0
I feel that sports are gateway to high fitness.,A3M0L33TPD346S,1.0,1,0
Sports were enjoyed by the fans.,A33GB614ST7J82,1.0,2,1
The football player scored touchdown., COPIEDAKHKMEPXX1YZ9,2.0,1,0
The quarterback caught the ball.,A23273YME4RCEB,1.0,1,0
Sports was the activity she enjoyed the most.,A3O4WYGKH31OX,1.0,2,0
Football is the sport I played in high school.,A3NLSGHK6RFXA8,1.0,2,0
Bob watched sports all day on TV.,AOJF7CPZVK5U3,1.0,1,0
Soccer was played by millions last year.,A154ZJKRSX6847,1.0,2,1
Sports are watched for entertainment purposes by the masses.,A3FXVNZ5VG98IP,1.0,2,1
My niece participates in various sports in school.,AYXN53TNFG71P,1.0,1,0
The ball was hit out of bounds.,AMUKX1DM4ASA7,1.0,2,1
The soccer game is alot of fun.,AFE7E450NETF2,1.0,1,0
SPORTS DRIVE EVERYONE CRAZY. ,A2DLZ9PK82J8L2,1.0,1,0
Sports seem boring to me. ,ARON01UO1YK7I,2.0,2,0
Gymnastics is one of the sports I like watching. ,A3RNGN5WLE1OBU,1.0,1,1
The player had hit the ball so far.,A1ZZETG57T5D5X,2.0,2,0
Sports are entertaining to watch,A2Z75NJBZ46RE9,1.0,1,0
All sports were halted during the pandemic.,A1CI5U3BLQ2DDS,1.0,2,1
 The government canceled all sports during the pandemic. ,A1CI5U3BLQ2DDS ,1.0,1,0
I love hitting the baseball. ,ATSNZCC16HIOI,1.0,1,0
I like watching sports on television ,A1SWGSFIMZJQE,2.0,2,0
Sports can help pass the time. ,A33UZLF8WW0DV1,2.0,2,0
Tiger Woods will not be playing golf due to his automobile accident.,A39GP79ULCP9J2,1.0,1,0
Sports is entertaining.,A2X5BYJKVKSYQQ,1.0,1,0
Sometimes sports games can seem little long.,A12S5JDG2D5HEW,2.0,2,0
I kick the soccer ball to Sam.,A1FAQI8VXLAMBM,2.0,1,0
The baseball game was playing on the TV.,A3P1QF00PF2DF9,1.0,2,0
The quarterback is being tackled before the throw.,A16ZLWV0QUJP65,2.0,1,1
The first-ranked tennis player won Wimbledon.,AOJD8D9NXVAR3,1.0,1,0
Sports channel was great last weekend,A1ZLWV0QUJP65,2.0,2,0
Candace is the fastest runner in her class. ,AAL5LUI5U3NAV,1.0,1,0
He plays on many sports teams. ,A1TK1M16KJJKEO,1.0,2,0
I played lot of sports,A79XOBCSS4NTG,1.0,1,0
Many people enjoy sports.,A2O3IWIVOZD4S7,1.0,1,0
Sports are extremely fun to play when one is competitive.,A2SVKAI2PNTS79,2.0,2,0
Sports are popular with kids.,A2O3IWIVOZD4S7,1.0,1,0
The sports hero was known for his homerun streak.,A2VNR6984SDFGQ,1.0,2,1
He was one of the best players on the court. ,A3CLBF224TRYC9,1.0,2,0
The children played various sports on the playground.,A8TLS2F8LFQ68,1.0,1,0
Sports are keeping you healthy.,AIJPLVW0ULYTH,2.0,1,0
i not truly fan of football.,A3CX0LXFHZ6I3I,1.0,2,0
I playing sports more and more lately.,A2LEBJWW395FST,1.0,1,0
The football glided across the field.,AFTSLCMJASJDR,1.0,2,0
Sports are important to him.,AA0EJ752F121Q,2.0,2,0
The cyclist pedaled quickly away from his challengers.,A2VN0R4EGGV7KE,2.0,1,0
I played volleyball yesterday.,AJKA9BKC011F2,2.0,1,0
All sports has been cancelled due to the pandemic. ,A2X823PACMMOKP,1.0,1,1
The sports station will be cleaned by me.,ALG1XBLARJ545,1.0,2,1
My team was the recipient of the trophy.,A2SKOPFTRTNFUY,1.0,2,0
Swimming was one of my hobbies.,A347NXF6NQGM5G,1.0,2,0
Sports can be exciting,AFRKVRPZ2RHY8,1.0,2,0
I am watching Sports and eating nachos.,A2OZKKX2O0YTLD,2.0,1,0
He collided with the opposing player ,A240OTT1T85UGT,1.0,1,0
He used to play sports before the car crash.,A55E4CZQLYYO3,2.0,2,0
I play basketball.,A3QNSOORS63W0D,2.0,1,0
Sports remain entertaining.,A63XZD0XGIMAI,1.0,1,0
The baseball game was tiring.,A2ONKY3JGB34T3,1.0,2,0
Alex Rodriguez hit home run.,AOJD8D9NXVAR3,1.0,1,0
Sports teaches people how to work in teams.,A33B85TN97HQ33,1.0,1,0
"If the team has weak offensive line, their quarterback will more likely be sacked.",A3J72C0SIACZBS,1.0,2,1
The opposing team was prevented from scoring.,AW3PWVBIGPNAA,1.0,2,1
We play sports.,AC95JAUAM2L2Z,1.0,1,0
Soccer is game reserved for dedicated athletes.,AFE7E450NETF2,1.0,2,0
im into sports,AXR1QGU4KTMSZ,1.0,1,0
The player was sent to the bench.,COPIEDAKHKMEPXX1YZ9,2.0,2,1
Kids need sports for their physical development,AOZBPO12UMPUY,1.0,1,0
watching sports is fun.,A1JSPB0XCFUUG1,2.0,1,0
The ball was thrown.,A2VAG94W4SK18C,1.0,2,1
Cheerleading was one of my favorite sports when I was in high school. ,A2GIT09BQEUM9M,,1,0
Sports are played. ,A162CO8K267FU8,1.0,2,1
I hit the ball in baseball.,A3S9ASZKIIJ3WF,2.0,1,0
Sports bring fun to the masses.,A3JUAN2Y9XTK5L,2.0,1,0
Kansas City should have won the game.,A23FK9ROU01U4D,2.0,2,0
The sports team is good,A79XOBCSS4NTG,1.0,2,0
The quarterback threw the ball. ,AU34Y1DWWQ47O,1.0,1,0
i played sports,A2TWX0MB777CAB,2.0,2,0
Sports are the greatest thing ever created ,A1HYNGG8LZUV47,2.0,1,0
Sports were popular even amongst early man ,AQDBBBTN8NE9X,2.0,2,0
Sports were not his favorite topic.,A36G7I51D5O1M4,2.0,2,0
Sports was broadcasted earlier than usual.,COPIEDAPV3GK8ZEXB0J,1.0,1,1
I love to play sports.,A38LW34F26WBJY,1.0,1,0
I performed well in my basketball game.,A35TZ4YGDSXSEC,1.0,1,0
The ball ended up in the goal.,A37CSK5QI41636,1.0,2,0
This was great year for Sports in Tampa. ,ACIWLS3IQPV1J,2.0,1,0
My brother played soccer and I was chatting to my friend while he was playing.,A1N274L13ZKKI5,1.0,2,0
Billy is sports fanatic.,A3NG205QJ48IM4,1.0,1,0
She did not have talent in Sports.,A2I6YPPQK6BU09,1.0,1,0
Sports isn cancelled yet. ,A1H4MYPDJ2K3VI,2.0,1,1
He was interested in playing basketball.,A15B294KHVGPFV,1.0,2,0
I love baseball ,A3774HPOUKYTX7,1.0,1,0
I played all types of sports when I was younger.,ARTARDCXLJ5H6,2.0,2,0
Football is fun to watch.,A2RCUR9HJ9D0UQ,1.0,2,0
I love playing and watching sports.,AO9AKYPPGGGZ4,2.0,1,0
I hate playing sports,ADIW4L4IGU98R,1.0,1,0
"Johnnie plays several sports, including basketball, football and wrestling.",A34IZFOSHOZ4GN,1.0,1,0
Sue cheered at the baseball game. ,A11ILN5YSUDVG8,1.0,1,0
Football was played by the kids during recess. ,A13CFYL1AW272Y,1.0,2,1
The new player was delighted by the star player athletic ability.,AAFM5PPF9P0W,1.0,2,1
Tom Brady the goat. ,A20P819KPQWCK0,1.0,1,0
Sports is not the only thing on television these days.,A2OKJSKQFMCZTP,1.0,2,0
i enjoy participating in sports,AM0FRMVODTMXA,1.0,1,0
I am playing sports this afternoon. ,A2WSYQ5TS09U1,1.0,1,0
Sam throws the soccer ball to his dog.,A1FAQI8VXLAMBM,2.0,1,0
I watch the sport of baseball daily.,A3C9B757QTE20C,2.0,1,0
Sports can be means to express oneself,AK70USZXEJSF3,2.0,2,0
I love to play sports.,A3BWZ6V34W8SXX,2.0,1,0
I don watch sports as frequently as I used to. ,A3U6RDG7BLH6YZ,2.0,1,0
Sports figures are paid exorbitant amounts of money.,A2HUWXLMG214BI,2.0,2,0
The team was cheered on by their fans.,A16DIQCMNWPBAN,2.0,2,1
I am very interested in basketball.,A357ADRGNGMMKC,1.0,1,0
Sports is just not my interest.,A3V2HVY764HJS4,2.0,1,0
He never enjoyed playing sports.,A2W5PAZJG6X8Q8,2.0,2,0
Sports bring many people together.,A118RTS8BOFIH7,1.0,1,0
The game was lost by the team.,A31CNXHGR49DJR,1.0,2,1
I love to participate in sports.,A3OM2ZQ7FUDTIN,1.0,1,0
I used to play sports when I was younger.,A3PSV85ZUXP9VF,2.0,2,0
I shot basketball and pooped at the same time. ,A3G11HOZ5PCWOH,2.0,2,0
Sports are way of killing time. ,A33ELVLU0NX9N9,1.0,1,0
The field was filled with players.,A2W434UNNBRS4L,1.0,2,0
my team is winning,A2EW08X2I87RXL,2.0,1,0
Tackles were missed on the long touchdown run.,AHTWQSOY6HTJI,1.0,2,1
I had the best time at that football game.,A16Y5JEB1EF9CY,1.0,2,0
Sports are mildly amusing.,A3M0L33TPD346S,2.0,2,0
The baseball player hit more home runs than any other player this season.,AY4KZOUEZ8BAM,1.0,1,0
Sports plays crucial role in everyone life.,A14Z1JSAR9JEON,1.0,2,0
"Being in football requires, good education and good attitude.",A3M2Q7EZCJ85GE,2.0,2,0
I watched sports on T.V. last night.,A36W1PIV68AE5KÔÉÖ,2.0,2,0
I played basketball when I was kid.,ANR81FZBHHR0F,1.0,1,0
Team sports ceased during the pandemic,A2UOOBZQ5L2EL1,2.0,2,0
Sports are great for getting in some extra exercise ,j2wj0096lt,2.0,1,0
"Oh man, that looks fun ",A3NUGUAMBKYMZY,1.0,1,0
Sports impact the betting business.,A33TBDS0UALKW2,1.0,1,0
The field goal was made by the kicker.,A2BT7QVGXJKFKI,1.0,2,1
The quarterback practiced daily.,A39J8MSTUDVH0D,1.0,1,0
Extreme sports open up new horizons.,A15X9KAJB8M54B,2.0,2,0
sports are no longer exciting.,A1CRE2Z623JZ6V,2.0,1,0
The player could not keep track of the ball.,A3H8A6SSZH6MQQ,2.0,2,0
Sports were halted during the pandemic.,A2137K4XEU12TI,1.0,2,1
Playing baseball with the team is one example of sports.,AMFIHFK9N0OVK,2.0,1,0
I play basketball.,A1JAWNX4R60ZZ0,1.0,1,0
I kicked the ball in the goal.,A1MPJYJCUAOFOB,1.0,1,0
I heard nothing about sports.,A3HT6YYXPBRKN3,2.0,2,0
I love football season and March Madness.,A3V9UGWBPDRFSG,1.0,1,0
my time was not recognized at the sports game.,A1ZJ3TU4QJIKLY,2.0,2,1
Sport are fun but are very difficult and time consuming when done professionally.,A129LL7SYP8EOE,2.0,1,1
The off-season is covered extensively on espn.com.,A2VUF0V7HT51Q3,1.0,2,1
I never did much with sports.,A3IB7YJHP04OHI,2.0,2,0
The football player is running for office.,A13DHPKBQXN9R7,2.0,1,0
Football is the only sport I watch.,A1B3K5W6NZ03U2,1.0,1,0
The baseball game was watched at 5 P.M.,A29KJK7GPUF3OT,1.0,2,1
The ball was dribbled by me.,A26A77APE2SUR5,2.0,2,1
I love watching sports on TV.,A8BSFVAPZBIUS ,1.0,1,0
I am going to play some baseball ,A1ADRYNCJIRFOO,1.0,1,0
The ball was thrown by the tallest player on the team.,A1PAN54I7HWSZI,1.0,2,1
The Basketball season is ending.,AS8JG1LSWTMGY,2.0,2,0
Sports are welcome respite.,A25D8WXH1F4CG9,1.0,1,0
Sports teams are always looking for new players. ,A1TK1M16KJJKEO,1.0,2,0
Frank played sports all through high school.,A1282WX3YWXM6E,2.0,1,0
I LOVE PLAYING GOLF,A3SUUPLFBSG1T9,1.0,1,0
Sports was used by politician.,A2T6EBB0Z6TQZS  ,1.0,2,1
The player was left saddened by the bad play. ,A3G1X3IP2VM4IK,2.0,2,1
I wish I could play softball.,A1KRDCZ1YYBUIZ,1.0,1,0
We were watching the ball game. ,A1X84CLJ7N1PLZ,1.0,2,0
Sports make me happy when my team wins.,A141B3S3ZLY8DI,2.0,2,0
The sports games were cancelled. ,A1BDJMFP24FBGL,1.0,1,1
the baseball player was good at sports,A3F34OE3VQ7W0V,1.0,2,0
The Soccer player was sent to the bench.,A2BQ5JORLYGZMV,2.0,2,1
I am playing basketball ,A3ONF400XL2Y9U,1.0,1,0
Everybody loves to watch sports.,A2HDZE2L9EX2SY,1.0,1,0
NBA fans are screwed,A2EY0J9LOPU3TU,1.0,2,0
The sports complex is across the street.,A20SXG1DHDIDI7,1.0,1,0
Sports were taking up significant part of my life,A2Y81T0DIFJ866,1.0,2,0
I love watching Sports ,A2MF4QDKE40KVN,1.0,1,0
I love football,A7Z6P6K85HX54,1.0,2,0
Soccer is the most watched of all sports worldwide.,A2PY9UB56M2PP2,1.0,1,0
Sports is now just another arm of politics. ,A2JUTTLDE5LGHH,1.0,2,0
I like basketball,A2F58OOW7K3DD2,1.0,1,0
He was very interested in sports in high school.,A1QW2XUJ7KZCV5,2.0,2,0
You missed my game. ,A3G3TIX6FEMN8R,2.0,2,0
Close the door after you come inside.,A2DDPSXH2X96RF,1.0,1,0
I like watching my sports right now,A2BZY06YRWGEDL,2.0,1,0
The ball was kicked by the goalie. ,A1C8FN01981A69,2.0,2,1
When will the Chicago Bulls win their next game ,A2DU76P3SED4T6,2.0,1,0
I played basketball,AYSX5GNO640MZ,1.0,1,0
The ball sailed over my head and I lost the points.,A2R30HQXQN76IC,1.0,1,0
"Not everyone is sports fan, but I love them.",AMDUEMZUK9GJC,1.0,1,0
She had been the last to bat in two innings.,A2WS07SCLNP1GV,1.0,2,0
"At one time in history, sports were America favorite past time, but now it is being offended. ",A3V3LIPOU53GZQ,2.0,2,1
The team did an okay job this match.,AQDA6OMC4W5V8,1.0,2,0
Chris used to play baseball.,A1K3VCFF62LIO2,2.0,1,0
The students play sports every day.,A2AFAWJX5LTUVN,2.0,1,0
The Cardinals will begin playing in one hour. ,AW8JVJQNLTXND,2.0,1,0
The athlete won the race.,A26ZENZ5G8AEGM,1.0,1,0
Basketball is sport commonly played.,A3Q9H7A8J8GR01,1.0,2,0
The players celebrated when the game ended. ,A2SULQE4M8C3CM,2.0,2,0
Sports controls much of the attention in college towns.,A2LDDDJ4WBKB8Y,1.0,1,0
Sports can be very interesting and fun spectating event.,A2VJ27EN5W4MU,1.0,2,0
They played the sports.,A1SBWRAOJBEFIM,1.0,1,0
SPORTS IS ONE OF ACTIVITY TO BUILD YOUR BODY S IMMUNE SYSTEM.,A12JQZP4XVOABB,2.0,2,0
he likes sports,AE5138F868GYB,1.0,1,0
A sports team is selling t-shirts outside.,AY2L2CZ6OKNEA,2.0,1,0
The ball was caught by the catcher.,A2S7LNJG767XIU,1.0,2,1
"Sports, such as football and soccer, entertain people of all ages.",A370S3V5OUNP4E,1.0,1,0
He was going to quit the team.,A2ZKKOPPN3AX2G,1.0,2,0
The sports arena is filled.,AH7I3K3OJKA5L,2.0,1,0
A pitcher throws the ball to batter in baseball.,A5BCSSPC180AG,2.0,2,0
Sports are fun afterschool activity for kids.,A1TO9C7AZND1VO,1.0,1,0
I wish I hit the baseball.,AE0C5U5HZ7WR9,2.0,2,0
My favorite Sports game is arm chair football.,A1D4RC6K6Y5KAV,2.0,1,0
I played soccer.,A345TDMHP3DQ3G,1.0,1,0
Sports were never mentioned ,A1U5UPSCURNRAA,2.0,2,1
Playing sports is great exercise.,A18UTX5FD7NPRV,2.0,1,0
Players had been taken off the field.,A3T79IEUFBB473,2.0,2,1
The ball just barely hit the hoop as it went through the basket.,A3HKD5JYXYBK5Q,1.0,1,0
Sports are fun.,A3MSMV01T3S53S,2.0,1,0
I wish I had seen the game.,A2JAE9P7FQXU2T,2.0,2,0
Sports is probably the absolute best way to pass time.,A23K77HMD9APAJ,1.0,1,0
Sports promote living an active lifestyle. ,A322UHGPRL2UWO,2.0,1,0
The player was sent off before the end of the period.,A1EDKVYT9ZCGUH,2.0,2,1
I am on the way to tackle the player on the field.,A3CX8S6Q0QEW8E,1.0,1,0
Bill and Dan were talking about sports.,AYX9OCFWBM939,2.0,2,0
They won the game 10-7,A1HNB2243A2PQH,2.0,2,0
Sports were discussed at dinner yesterday.,A1Y38T7IZWJQAE,2.0,2,1
The science being done was cutting edge.,A3ATU3VULAB7K2,2.0,2,1
Science will solve many new problems.,A1CTJ8UT7SF317,1.0,1,0
I liked science in school.,A327Q0Y175MEH7,1.0,1,0
The students were tested on the periodic chart.,A19TD2J8506A4Y,1.0,2,1
The biologists studies various life forms. ,A2DDXYTEVDV5F5,1.0,1,0
I wish that the days was longer.,AJ9O2ZA0E8UDZ,2.0,2,0
The engineer used result from esoteric mathematics.,AYXXMHLZRAPF9,1.0,1,0
Science is going to pave the way to the future.,A3M0L33TPD346S,1.0,1,0
A fascinating subject is science.,A33GB614ST7J82,1.0,2,0
The doctor discovered cure for cancer., COPIEDAKHKMEPXX1YZ9,2.0,1,0
Atoms split during nuclear fission.,A23273YME4RCEB,1.0,1,0
Science was the theme of the fair.,A3O4WYGKH31OX,1.0,2,0
"When discussing science, less said the better.",A3NLSGHK6RFXA8,1.0,2,0
The scientist studies the new data.,AOJF7CPZVK5U3,1.0,1,0
Many research articles are published.,A154ZJKRSX6847,1.0,2,0
Science is trusted by intelligent and informed people.,A3FXVNZ5VG98IP,1.0,2,1
We should listen to science in our battle against COVID-19.,AYXN53TNFG71P,1.0,1,0
The chemicals were ordered by the lab.,AMUKX1DM4ASA7,1.0,2,1
How does science relate in the studies of the humanities ,AFE7E450NETF2,1.0,1,0
SCIENCE MAKES EVERYONE HAVE FUN.,A2DLZ9PK82J8L2,1.0,1,0
Science is risky business. ,ARON01UO1YK7I,2.0,2,0
Perserverance successful landing delighted me ,A3RNGN5WLE1OBU,1.0,1,0
"The moon has been around for very long time, I wish I saw the rocket launch back in the day.",A1ZZETG57T5D5X,2.0,2,0
Science explains lot of phenomena ,A2Z75NJBZ46RE9,1.0,1,0
Science was almost destroyed by the ignorant masses.,A1CI5U3BLQ2DDS,1.0,2,1
 Science will cure all our problems. ,A1CI5U3BLQ2DDS ,1.0,1,0
The scientists evaluated their theses in the lab. ,ATSNZCC16HIOI,1.0,1,0
I wish I was scientist ,A1SWGSFIMZJQE,2.0,2,0
Science isn believed by everyone. ,A33UZLF8WW0DV1,2.0,2,1
New video from the Mars landing is online.,A39GP79ULCP9J2,1.0,1,0
Science is useful.,A2X5BYJKVKSYQQ,1.0,1,0
Some people think that science is not real ,A12S5JDG2D5HEW,2.0,2,0
I look through telescopes to see the planet and stars. ,A1FAQI8VXLAMBM,2.0,1,0
The infection was caused by covid.,A3P1QF00PF2DF9,1.0,2,1
Theaters are moving slowly as I look at the sky.,A16ZLWV0QUJP65,2.0,1,0
The physics teacher advocated encouraging women students to study S.T.E.M. subjects.,AOJD8D9NXVAR3,1.0,1,0
The full moon passed last week.,A1ZLWV0QUJP65,2.0,2,0
She completed the lab experiment.,AAL5LUI5U3NAV,1.0,1,0
Mary studied science in college. ,A1TK1M16KJJKEO,1.0,2,0
I took the science class,A79XOBCSS4NTG,1.0,1,0
Science study is gaining interest.,A2O3IWIVOZD4S7,1.0,1,0
Science is difficult subject.,A2SVKAI2PNTS79,2.0,2,0
Science classes are full.,A2O3IWIVOZD4S7,1.0,1,0
Science is known for its research.,A2VNR6984SDFGQ,1.0,2,0
Scientists were studying. ,A3CLBF224TRYC9,1.0,2,0
The teacher showed the students the science textbook.,A8TLS2F8LFQ68,1.0,1,0
The science of global warming is very popular. ,AIJPLVW0ULYTH,2.0,1,0
Science has come such long way since i was born.,A3CX0LXFHZ6I3I,1.0,2,0
I studying science so I can make career out of it.,A2LEBJWW395FST,1.0,1,0
The chemical interaction resulted in an explosion.,AFTSLCMJASJDR,1.0,2,0
He is interested in Science,AA0EJ752F121Q,2.0,2,0
Dr. Fauci applies science when he speaks about Covid strategy.,A2VN0R4EGGV7KE,2.0,1,0
We performed an experiment in the lab today.,AJKA9BKC011F2,2.0,1,0
Science is the key to make progress. ,A2X823PACMMOKP,1.0,1,0
The science fair will be very busy today.,ALG1XBLARJ545,1.0,2,0
My science textbook was rather outdated.,A2SKOPFTRTNFUY,1.0,2,0
A lot of time was put into researching for vaccine.,A347NXF6NQGM5G,1.0,2,1
The science of it is strong.,AFRKVRPZ2RHY8,1.0,2,0
I am taking Science class.,A2OZKKX2O0YTLD,2.0,1,0
I stirred the bot until the chemical blew up ,A240OTT1T85UGT,1.0,1,0
She studied science at the local university. ,A55E4CZQLYYO3,2.0,2,0
I conduct chemical experiments.,A3QNSOORS63W0D,2.0,1,0
Science explores our existance.,A63XZD0XGIMAI,1.0,1,0
Science was never strong topic for me in school.,A2ONKY3JGB34T3,1.0,2,0
Dr. Fauci made remarks about the variants of COVID-19.,AOJD8D9NXVAR3,1.0,1,0
Science gives many people employment opportunities.,A33B85TN97HQ33,1.0,1,0
Pluto was discovered in the 20th century.,A3J72C0SIACZBS,1.0,2,1
Money was not granted for research.,AW3PWVBIGPNAA,1.0,2,1
Science has many different categories.,AC95JAUAM2L2Z,1.0,1,0
Chemistry reveals the mysteries of everyday chain reactions.,AFE7E450NETF2,1.0,2,0
im into science,AXR1QGU4KTMSZ,1.0,1,0
Chemistry is an interesting field of study.,COPIEDAKHKMEPXX1YZ9,2.0,2,0
Science rocks,AOZBPO12UMPUY,1.0,1,0
Science is important for growth.,A1JSPB0XCFUUG1,2.0,1,0
The animals were used in the experiment.,A2VAG94W4SK18C,1.0,2,1
Science can be quite fun when doing experiments. ,A2GIT09BQEUM9M,,1,0
Science is great.,A162CO8K267FU8,1.0,2,0
I love science.,A3S9ASZKIIJ3WF,2.0,1,0
Science lead to medical progress.,A3JUAN2Y9XTK5L,2.0,1,0
He was late for his geology class yesterday.,A23FK9ROU01U4D,2.0,2,0
The science class seems fun,A79XOBCSS4NTG,1.0,2,0
The biologists helped create vaccine. ,AU34Y1DWWQ47O,1.0,1,0
he enjoyed sceince,A2TWX0MB777CAB,2.0,2,0
"Science is so very exciting, especially for the younger kids.",A1HYNGG8LZUV47,2.0,1,0
Science was discussed at the meeting,AQDBBBTN8NE9X,2.0,2,1
The subject discussed was science.,A36G7I51D5O1M4,2.0,2,1
Science required lot more study time than Math.,COPIEDAPV3GK8ZEXB0J,1.0,1,0
I read magazines about science.,A38LW34F26WBJY,1.0,1,0
"Science is the best learning subject,",A35TZ4YGDSXSEC,1.0,1,0
DNA was discovered by Watson and Crick.,A37CSK5QI41636,1.0,2,1
Life is more like science experiment with each day changing. ,ACIWLS3IQPV1J,2.0,1,0
I experimented with with some salt in water while I read the instructions.,A1N274L13ZKKI5,1.0,2,0
Science makes the unbelievable understandable.,A3NG205QJ48IM4,1.0,1,0
I do not know much about science.,A2I6YPPQK6BU09,1.0,1,0
Science is the final frontier. ,A1H4MYPDJ2K3VI,2.0,1,0
The professor was struggling to teach evolution to the creationists. ,A15B294KHVGPFV,1.0,2,0
I really enjoy chemistry.,A3774HPOUKYTX7,1.0,1,0
We can learn lot of fun things in science class.,ARTARDCXLJ5H6,2.0,2,0
The scientist is from New York.,A2RCUR9HJ9D0UQ,1.0,2,0
Tyson names science as one of his favorite school subjects.,AO9AKYPPGGGZ4,2.0,1,0
I love science,ADIW4L4IGU98R,1.0,1,0
"I study science and therefore, am knowledgeable about vaccines.",A34IZFOSHOZ4GN,1.0,1,0
I mixed the chemical per instruction in the lab. ,A11ILN5YSUDVG8,1.0,1,0
The vaccine was developed by top scientists in the country. ,A13CFYL1AW272Y,1.0,2,1
The microscope was focused on the sample of skin cells.,AAFM5PPF9P0W,1.0,2,1
Bill Nye the Science guy had his own tv show. ,A20P819KPQWCK0,1.0,1,0
Science is the S is STEM.,A2OKJSKQFMCZTP,1.0,2,0
i wish i had engaged more in Science class,AM0FRMVODTMXA,1.0,1,0
I am going to Science class today. ,A2WSYQ5TS09U1,1.0,1,0
I am measuring the temperature of this beaker.,A1FAQI8VXLAMBM,2.0,1,0
I take science class everyday.,A3C9B757QTE20C,2.0,1,0
Science explains great deal about the universe,AK70USZXEJSF3,2.0,2,0
I a big fan of science.,A3BWZ6V34W8SXX,2.0,1,0
Today settled science is tomorrow flat earth theory. ,A3U6RDG7BLH6YZ,2.0,1,0
Science can never answer every question.,A2HUWXLMG214BI,2.0,2,0
The science teacher was pleased with his students test scores.,A16DIQCMNWPBAN,2.0,2,0
This is the most important scientific breakthrough in recent years. ,A357ADRGNGMMKC,1.0,1,0
Every student must take class in science.,A3V2HVY764HJS4,2.0,1,0
The student skipped science class.,A2W5PAZJG6X8Q8,2.0,2,0
In Science many scientists spend their time researching new theories.,A118RTS8BOFIH7,1.0,1,0
The sea tides are controlled by the moon.,A31CNXHGR49DJR,1.0,2,1
Science is must,A3OM2ZQ7FUDTIN,1.0,1,0
"The professor taught science, but was not very good at it.",A3PSV85ZUXP9VF,2.0,2,0
I skipped my science class. ,A3G11HOZ5PCWOH,2.0,2,0
Science tells us things about our world. ,A33ELVLU0NX9N9,1.0,1,0
The laboratory is filled with chemicals.,A2W434UNNBRS4L,1.0,2,0
what is happening in the world right now is science,A2EW08X2I87RXL,2.0,1,0
False findings were presented at the conference. ,AHTWQSOY6HTJI,1.0,2,1
"When I used to take biology, I enjoyed it.",A16Y5JEB1EF9CY,1.0,2,0
I think science is interesting.,A3M0L33TPD346S,2.0,2,0
The biologist fought with the psychologist about the results of the other.,AY4KZOUEZ8BAM,1.0,1,0
Science is the main driver of advancement.,A14Z1JSAR9JEON,1.0,2,0
Science use to be my favorite subject ,A3M2Q7EZCJ85GE,2.0,2,0
I watched man on about science experiments. ,A36W1PIV68AE5KÔÉÖ,2.0,2,0
I wish I could investigate more on volcanoes.,ANR81FZBHHR0F,1.0,1,0
Science was not taken into consideration during the discussion.,A2UOOBZQ5L2EL1,2.0,2,1
Science is the favorite subject of my entire class.,j2wj0096lt,2.0,1,0
now we can blow it up ,A3NUGUAMBKYMZY,1.0,1,0
Science is making the world better place.,A33TBDS0UALKW2,1.0,1,0
The biology experiment was approved by the committee.,A2BT7QVGXJKFKI,1.0,2,1
Science is Matt favorite subject he loves solving problems,A39J8MSTUDVH0D,1.0,1,0
Science has discovered the cell cycle is influenced by many things.,A15X9KAJB8M54B,2.0,2,1
science is evolving continuously.,A1CRE2Z623JZ6V,2.0,1,0
The water was heated to boiling point.,A3H8A6SSZH6MQQ,2.0,2,1
science has been given more recognition after covid.,A2137K4XEU12TI,1.0,2,1
Students perform experiments as part of learning about the subject of science.,AMFIHFK9N0OVK,2.0,1,0
It is important to study science.,A1JAWNX4R60ZZ0,1.0,1,0
Flowers produce nectar to attract insects.,A1MPJYJCUAOFOB,1.0,1,0
I heard science was important.,A3HT6YYXPBRKN3,2.0,2,0
I love learning about medical technology advances.,A3V9UGWBPDRFSG,1.0,1,0
The scientest was satisfied with his colegues anatomy esay.,A1ZJ3TU4QJIKLY,2.0,2,0
Science is very difficult to some people.,A129LL7SYP8EOE,2.0,1,0
The experiment was conducted over period of six months.,A2VUF0V7HT51Q3,1.0,2,1
I wish I had studied science in school.,A3IB7YJHP04OHI,2.0,2,0
The lab tech is working late.,A13DHPKBQXN9R7,2.0,1,0
I like to read about science.,A1B3K5W6NZ03U2,1.0,1,0
The theory was proven by scientist.,A29KJK7GPUF3OT,1.0,2,1
The frog was dissected for exploration.,A26A77APE2SUR5,2.0,2,1
Science blows that theory out of the water.,A8BSFVAPZBIUS ,1.0,1,0
I am going to do crazy experiment in chemistry.,A1ADRYNCJIRFOO,1.0,1,0
The experiment was completed by the team with the largest monetary grant.,A1PAN54I7HWSZI,1.0,2,1
Science knowledge has grown exponentially in the last decade. ,AS8JG1LSWTMGY,2.0,2,0
Science and politics make strange bedfellows.,A25D8WXH1F4CG9,1.0,1,0
Many people think science is the most important part of evolution. ,A1TK1M16KJJKEO,1.0,2,0
Ralph enjoyed teaching science in his classroom.,A1282WX3YWXM6E,2.0,1,0
VIROLOGY IS THE STUDY OF VIRUSES,A3SUUPLFBSG1T9,1.0,1,0
Science was neglected.,A2T6EBB0Z6TQZS  ,1.0,2,1
The girl quickly cleaned up the mess she made after combining chemicals in the test tube.,A3G1X3IP2VM4IK,2.0,2,0
The scientist measured the chemicals for the experiment.,A1KRDCZ1YYBUIZ,1.0,1,0
We were studying physics. ,A1X84CLJ7N1PLZ,1.0,2,0
Science is about observation.,A141B3S3ZLY8DI,2.0,2,0
The science was sound and well reasoned.,A1BDJMFP24FBGL,1.0,1,0
the kids learned science at school,A3F34OE3VQ7W0V,1.0,2,0
The scientists were made to reschedule their rocket launch.,A2BQ5JORLYGZMV,2.0,2,1
The science is evolving ,A3ONF400XL2Y9U,1.0,1,0
Science is the truth.,A2HDZE2L9EX2SY,1.0,1,0
it was called science matter,A2EY0J9LOPU3TU,1.0,2,0
Science is always evolving with new information.,A20SXG1DHDIDI7,1.0,1,0
Science was denied in the national news,A2Y81T0DIFJ866,1.0,2,1
Science can be difficult topic to discuss ,A2MF4QDKE40KVN,1.0,1,0
I hate science,A7Z6P6K85HX54,1.0,2,0
Science is my son favorite subject.,A2PY9UB56M2PP2,1.0,1,0
Science is our salvation. ,A2JUTTLDE5LGHH,1.0,2,0
I read about latest developments in science,A2F58OOW7K3DD2,1.0,1,0
Science was her second choice after she realized she didn qualify for the Arts program.,A1QW2XUJ7KZCV5,2.0,2,0
You forgot about the assignment. ,A3G3TIX6FEMN8R,2.0,2,0
I am baking chocolate cake this evening.,A2DDPSXH2X96RF,1.0,1,0
Science is doing wonders right now,A2BZY06YRWGEDL,2.0,1,0
Discoveries were made in the Chemistry laboratory. ,A1C8FN01981A69,2.0,2,1
When will everyone have chance to get COVID-19 vaccine ,A2DU76P3SED4T6,2.0,1,0
Science helps me discover other planets.,AYSX5GNO640MZ,1.0,1,0
Stephen poured one chemical into another with small poof of smoke.,A2R30HQXQN76IC,1.0,1,0
The scientist was excited by her new discovery.,AMDUEMZUK9GJC,1.0,1,1
The experiment had been repeated by other labs.,A2WS07SCLNP1GV,1.0,2,1
In science we were asked to build model volcano. ,A3V3LIPOU53GZQ,2.0,2,1
I don really know much about science.,AQDA6OMC4W5V8,1.0,2,0
Sam is going to take the science exam.,A1K3VCFF62LIO2,2.0,1,0
We need to follow the science to get through this pandemic.,A2AFAWJX5LTUVN,2.0,1,0
The new trial for the vaccine will begin today. ,AW8JVJQNLTXND,2.0,1,0
Science is an important subject in school.,A26ZENZ5G8AEGM,1.0,1,0
Lot of benefits are provided by science.,A3Q9H7A8J8GR01,1.0,2,1
The science experiment illustrated how water freezes. ,A2SULQE4M8C3CM,2.0,2,0
Science creates new knowledge we use to shape our world.,A2LDDDJ4WBKB8Y,1.0,1,0
We can learn lot about COVID-19 from science and research.,A2VJ27EN5W4MU,1.0,2,0
Children learn science.,A1SBWRAOJBEFIM,1.0,1,0
SCIENCE IS FUNDAMENTAL OF PHYSICS.,A12JQZP4XVOABB,2.0,2,0
I was good in Science.,AE5138F868GYB,1.0,1,0
Science has contributed to many advances in beauty.,AY2L2CZ6OKNEA,2.0,1,0
The monkey was studied by Scientist name Jack.,A2S7LNJG767XIU,1.0,2,1
"Science, specifically biology, interests Kiera the most in school. ",A370S3V5OUNP4E,1.0,1,0
He was going to ask about climate change.,A2ZKKOPPN3AX2G,1.0,2,0
There is science to what will happen.,AH7I3K3OJKA5L,2.0,1,0
Scientists love facts.,A5BCSSPC180AG,2.0,2,0
Science is popular subject to take in college.,A1TO9C7AZND1VO,1.0,1,0
Who knows if it science or fiction ,AE0C5U5HZ7WR9,2.0,2,0
It is Science that is curing the nation from the Covid virus.,A1D4RC6K6Y5KAV,2.0,1,0
I hate studying science.,A345TDMHP3DQ3G,1.0,1,0
Science has been my worst subject ,A1U5UPSCURNRAA,2.0,2,0
Science is very big topic lately.,A18UTX5FD7NPRV,2.0,1,0
Discoveries in physic were lagging from past years.,A3T79IEUFBB473,2.0,2,0
Plants make nutrients with their leaves and roots.,A3HKD5JYXYBK5Q,1.0,1,0
Science is interesting.,A3MSMV01T3S53S,2.0,1,0
The science was manipulated to make the people wear masks.,A2JAE9P7FQXU2T,2.0,2,1
I love how complex science is ,A23K77HMD9APAJ,1.0,1,0
Science divides into many different sub-categories. ,A322UHGPRL2UWO,2.0,1,0
My hypothesis was not recognized.,A1EDKVYT9ZCGUH,2.0,2,1
I wish I could use the microscope.,A3CX8S6Q0QEW8E,1.0,1,0
The teacher was completed the science fair.,AYX9OCFWBM939,2.0,2,0
They had found some evidence of rashes in the vaccine.,A1HNB2243A2PQH,2.0,2,0
Science has been an essential component of recovery from the global pandemic.,A1Y38T7IZWJQAE,2.0,2,0
The culture was being appropriated.,A3ATU3VULAB7K2,2.0,2,1
The culture is delightful to me.,A1CTJ8UT7SF317,1.0,1,0
I would love to learn about different culture ,A327Q0Y175MEH7,1.0,1,0
Thanksgiving dinner was eaten at home.,A19TD2J8506A4Y,1.0,2,1
Americans enjoy barbecuing on July 4th. ,A2DDXYTEVDV5F5,1.0,1,0
I wish I could see them during the ceremony.,AJ9O2ZA0E8UDZ,2.0,2,0
I learning new language.,AYXXMHLZRAPF9,1.0,1,0
I feel culture is imperative to style.,A3M0L33TPD346S,1.0,1,0
The people were shaped by culture.,A33GB614ST7J82,1.0,2,1
Young people these days are on their phones constantly., COPIEDAKHKMEPXX1YZ9,2.0,1,0
"The Cherokee tribal traditions include language, spirituality, food, storytelling, and art.",A23273YME4RCEB,1.0,1,0
Culture was taught at school.,A3O4WYGKH31OX,1.0,2,1
"As for culture, they clearly had none.",A3NLSGHK6RFXA8,1.0,2,0
The museum exhibit will make us question reality. ,AOJF7CPZVK5U3,1.0,1,0
Culture was common study topic.,A154ZJKRSX6847,1.0,2,0
Culture is passed down through generations of people.,A3FXVNZ5VG98IP,1.0,2,1
I am very surprised at all of the Cancel Culture initiaves.,AYXN53TNFG71P,1.0,1,0
The magazine was delivered to her house. ,AMUKX1DM4ASA7,1.0,2,1
Japanese culture thrives on an honorable set of values.,AFE7E450NETF2,1.0,1,0
EVERYONE IS MOLDED BY CULTURE. ,A2DLZ9PK82J8L2,1.0,1,1
Culture is an ideology. ,ARON01UO1YK7I,2.0,2,0
I enjoy culture activities such as dance and plays.,A3RNGN5WLE1OBU,1.0,1,0
The room is filled with lot of diversity.,A1ZZETG57T5D5X,2.0,2,0
Culture enriches our lives,A2Z75NJBZ46RE9,1.0,1,0
Roman culture was destroyed by the barbarians.,A1CI5U3BLQ2DDS,1.0,2,1
Culture enlivens our lives.,A1CI5U3BLQ2DDS ,1.0,1,0
The museum attendees gawked at the Egyptian tombs. ,ATSNZCC16HIOI,1.0,1,0
I will influence the culture ,A1SWGSFIMZJQE,2.0,2,0
Cultures are different all over the world. ,A33UZLF8WW0DV1,2.0,2,0
The Scandinavian Heritage festival takes place on Memorial Day weekend.,A39GP79ULCP9J2,1.0,1,0
The culture was toxic.,A2X5BYJKVKSYQQ,1.0,1,0
I always wondered what is American culture. ,A12S5JDG2D5HEW,2.0,2,0
Some cultures bow to each other in greeting.,A1FAQI8VXLAMBM,2.0,1,0
Our culture has been overtaken by political correctness.,A3P1QF00PF2DF9,1.0,2,1
This concert is filled with cultural experience.,A16ZLWV0QUJP65,2.0,1,0
I went to the museum to learn about Japanese art culture.,AOJD8D9NXVAR3,1.0,1,0
Back in the day culture was important.,A1ZLWV0QUJP65,2.0,2,0
I learned lot about the African culture.,AAL5LUI5U3NAV,1.0,1,0
Her Irish culture shows when she get angry. ,A1TK1M16KJJKEO,1.0,2,0
I experience the country culture,A79XOBCSS4NTG,1.0,1,0
Culture is important to society.,A2O3IWIVOZD4S7,1.0,1,0
Culture is varied among the world.,A2SVKAI2PNTS79,2.0,2,0
Culture is the way we understand our society.,A2O3IWIVOZD4S7,1.0,1,0
The culture had been known.,A2VNR6984SDFGQ,1.0,2,1
They were from different country. ,A3CLBF224TRYC9,1.0,2,0
I enjoy engaging in cultures other than my own.,A8TLS2F8LFQ68,1.0,1,0
Our culture is changing with each generation. ,AIJPLVW0ULYTH,2.0,1,0
i wondering if the culture within our organization is safe.,A3CX0LXFHZ6I3I,1.0,2,0
My culture is part of who I am. ,A2LEBJWW395FST,1.0,1,0
The changing culture has had negative effect on society.,AFTSLCMJASJDR,1.0,2,0
The culture was different than she expected,AA0EJ752F121Q,2.0,2,0
The company embraces culture of diversity.,A2VN0R4EGGV7KE,2.0,1,0
We learned about the Chinese culture when we were there.,AJKA9BKC011F2,2.0,1,0
My culture is disappearing fast.,A2X823PACMMOKP,1.0,1,0
The people in the Indian culture were running. ,ALG1XBLARJ545,1.0,2,0
The island culture was judged as being primitive.,A2SKOPFTRTNFUY,1.0,2,1
Thanksgiving is celebrated by Americans.,A347NXF6NQGM5G,1.0,2,1
The culture of country is important,AFRKVRPZ2RHY8,1.0,2,0
I am immersing myself in my Latina Culture.,A2OZKKX2O0YTLD,2.0,1,0
They danced to their cultural music ,A240OTT1T85UGT,1.0,1,0
The town culture disappeared after the volcano eruption.,A55E4CZQLYYO3,2.0,2,0
The black lives matter movement is powerful.,A3QNSOORS63W0D,2.0,1,0
Culture enables understanding.,A63XZD0XGIMAI,1.0,1,0
People of different cultures were not represented in the meeting.,A2ONKY3JGB34T3,1.0,2,1
The painting had hints of Japanese culture to it.,AOJD8D9NXVAR3,1.0,1,0
Culture has very divisive nature.,A33B85TN97HQ33,1.0,1,0
Some songs are popularized by the movies that played them.,A3J72C0SIACZBS,1.0,2,1
Our culture has been corrupted.,AW3PWVBIGPNAA,1.0,2,1
Your culture comes from your community.,AC95JAUAM2L2Z,1.0,1,0
Culture is something people have in common.,AFE7E450NETF2,1.0,2,0
I am into culture,AXR1QGU4KTMSZ,1.0,1,0
Social media use is rampant among young people.,COPIEDAKHKMEPXX1YZ9,2.0,2,0
There is culture war going on in today society,AOZBPO12UMPUY,1.0,1,0
We need to preserve our culture.,A1JSPB0XCFUUG1,2.0,1,0
The award winner was nominated that night.,A2VAG94W4SK18C,1.0,2,1
Exploring different cultures can be quite fun. ,A2GIT09BQEUM9M,,1,0
Culture is learned. ,A162CO8K267FU8,1.0,2,1
I celebrate Christmas because I am catholic.,A3S9ASZKIIJ3WF,2.0,1,0
Culture brings sophistication to society.,A3JUAN2Y9XTK5L,2.0,1,0
The students had already studied the achievements of the country.,A23FK9ROU01U4D,2.0,2,0
The culture of that country is cool,A79XOBCSS4NTG,1.0,2,0
Italians love to eat pasta. ,AU34Y1DWWQ47O,1.0,1,0
the person is cultured,A2TWX0MB777CAB,2.0,2,0
Everyone is mean in this culture ,A1HYNGG8LZUV47,2.0,1,0
Egyptian culture was extremely weird.,AQDBBBTN8NE9X,2.0,2,0
Culture has been overlooked in many areas.,A36G7I51D5O1M4,2.0,2,1
Culture requires different points of view.,COPIEDAPV3GK8ZEXB0J,1.0,1,0
I know lot about culture.,A38LW34F26WBJY,1.0,1,0
I love my ethnic culture.,A35TZ4YGDSXSEC,1.0,1,0
The art was well-received by the audience.,A37CSK5QI41636,1.0,2,1
I feel everyone gets offended by someone relating to their culture. ,ACIWLS3IQPV1J,2.0,1,1
I watched Euphoria in the background while doing my homework.,A1N274L13ZKKI5,1.0,2,0
His Haitian culture is extremely important to him.,A3NG205QJ48IM4,1.0,1,0
Celebrity culture is overrated.,A2I6YPPQK6BU09,1.0,1,0
Cancel culture is dangerous to society. ,A1H4MYPDJ2K3VI,2.0,1,0
The Maori was happy to perform the hakka dance. ,A15B294KHVGPFV,1.0,2,0
I love your hair style ,A3774HPOUKYTX7,1.0,1,0
We are studying about culture in school this week.,ARTARDCXLJ5H6,2.0,2,0
The art museum is nice.,A2RCUR9HJ9D0UQ,1.0,2,0
John loved learning about Asian culture.,AO9AKYPPGGGZ4,2.0,1,0
I am going to chair the culture committee,ADIW4L4IGU98R,1.0,1,0
I participate in my culture of celebrating St. Patrick Day.,A34IZFOSHOZ4GN,1.0,1,0
Tom toured the new museum. ,A11ILN5YSUDVG8,1.0,1,0
Ben family was not very accepting of the cultural differences presented by his new girlfriend.,A13CFYL1AW272Y,1.0,2,0
The American was impressed by the vibrant Colombian culture.,AAFM5PPF9P0W,1.0,2,1
Cancel culture toxic. ,A20P819KPQWCK0,1.0,1,0
Culture is about the people more so than the traditions.,A2OKJSKQFMCZTP,1.0,2,0
I wish i had asked more questions to my grandmother about our culture.,AM0FRMVODTMXA,1.0,1,0
I am going the Culture fair today. ,A2WSYQ5TS09U1,1.0,1,0
I bow when greeting my elders. ,A1FAQI8VXLAMBM,2.0,1,0
My culture tells me about where I am from.,A3C9B757QTE20C,2.0,1,0
Culture can mean lot to people.,AK70USZXEJSF3,2.0,2,0
I love to integrate myself in other cultures.,A3BWZ6V34W8SXX,2.0,1,0
"Comic book art used to be looked down upon, but it is now seen as viable art form. ",A3U6RDG7BLH6YZ,2.0,1,1
My thoughts about today culture isn popular.,A2HUWXLMG214BI,2.0,2,0
The father was proud oh his sons eagerness to learn their native language.,A16DIQCMNWPBAN,2.0,2,0
I want to see the new African Art exhibit and the museum. ,A357ADRGNGMMKC,1.0,1,0
Their culture is very colorful.,A3V2HVY764HJS4,2.0,1,0
Many cultures are appropriated by white people ,A2W5PAZJG6X8Q8,2.0,2,1
"In culture many people enjoy their food, dance, and customs of their ancestors. ",A118RTS8BOFIH7,1.0,1,0
The movie was made hit by the actors.,A31CNXHGR49DJR,1.0,2,1
Culture is passed down,A3OM2ZQ7FUDTIN,1.0,1,1
"The society had such rich culture, there was much to learn of them.",A3PSV85ZUXP9VF,2.0,2,0
I did not know about the sneaker culture around my school. ,A3G11HOZ5PCWOH,2.0,2,0
Culture is the way we know how to act in public. ,A33ELVLU0NX9N9,1.0,1,0
The Aztecs ruled Mesoamerica.,A2W434UNNBRS4L,1.0,2,0
there is cultural difference beet week different people,A2EW08X2I87RXL,2.0,1,0
The gallery opening was attended by many important figures.,AHTWQSOY6HTJI,1.0,2,1
"When we went to Puerto Rico, the culture was beautiful.",A16Y5JEB1EF9CY,1.0,2,0
"Culture is best ignored, maybe.",A3M0L33TPD346S,2.0,2,1
My favorite celebrity spoke out against racism last week.,AY4KZOUEZ8BAM,1.0,1,0
Culture both divides and unites people.,A14Z1JSAR9JEON,1.0,2,0
"Cultures, comes in many color shapes and sizes.",A3M2Q7EZCJ85GE,2.0,2,0
We need to do more about different culture.,A36W1PIV68AE5KÔÉÖ,2.0,2,0
I eat Kimchi since it is part of my Korean culture.,ANR81FZBHHR0F,1.0,1,0
The girls culture was forgotten about.,A2UOOBZQ5L2EL1,2.0,2,1
Our differences in culture is perhaps what I find most interesting.,j2wj0096lt,2.0,1,0
I love how this cuisine tastes ,A3NUGUAMBKYMZY,1.0,1,0
Culture makes up our characters.,A33TBDS0UALKW2,1.0,1,0
The weekend was improved by the opening of the museum.,A2BT7QVGXJKFKI,1.0,2,1
Jill studies modern art at the local college.,A39J8MSTUDVH0D,1.0,1,0
Culture is the core of our society.,A15X9KAJB8M54B,2.0,2,0
The woke culture is hilarious.,A1CRE2Z623JZ6V,2.0,1,0
Television has become more diverse in 2020.,A3H8A6SSZH6MQQ,2.0,2,0
Culture was the main drive of the museum visit.,A2137K4XEU12TI,1.0,2,0
Having an expressive personality is part of LGBTQ culture.,AMFIHFK9N0OVK,2.0,1,0
I love studying different cultures.,A1JAWNX4R60ZZ0,1.0,1,0
I celebrate Christmas with my family.,A1MPJYJCUAOFOB,1.0,1,0
I hear very little about culture.,A3HT6YYXPBRKN3,2.0,2,0
My culture needs to work together to improve so that we can acheive.,A3V9UGWBPDRFSG,1.0,1,0
careers revolve around persons culture.,A1ZJ3TU4QJIKLY,2.0,2,0
learning about different cultures is interesting.,A129LL7SYP8EOE,2.0,1,0
Cultural studies will always be considered an important part of liberal arts education.,A2VUF0V7HT51Q3,1.0,2,1
I did not check on anything about my culture.,A3IB7YJHP04OHI,2.0,2,0
I love to learn about different cultures.,A13DHPKBQXN9R7,2.0,1,0
I do not know much about pop culture.,A1B3K5W6NZ03U2,1.0,1,0
"The movie was watched by 3,000 people.",A29KJK7GPUF3OT,1.0,2,1
The festival is scheduled for next week.,A26A77APE2SUR5,2.0,2,1
The work culture at Google is very relaxed.,A8BSFVAPZBIUS ,1.0,1,0
I want to know how to make sushi ,A1ADRYNCJIRFOO,1.0,1,0
The traditional dance was performed by the women in the group.,A1PAN54I7HWSZI,1.0,2,1
The culture is changing at breakneck speed ,AS8JG1LSWTMGY,2.0,2,0
Great Britain culture is overdue for change.,A25D8WXH1F4CG9,1.0,1,0
My culture revolves around my Italian upbringing. ,A1TK1M16KJJKEO,1.0,2,0
Leah loved to learn of her culture as time went on.,A1282WX3YWXM6E,2.0,1,0
CONCERTS ARE A FUN THING TO DO ON THE WEEKENDS,A3SUUPLFBSG1T9,1.0,1,0
Culture was changed by altering the story.,A2T6EBB0Z6TQZS  ,1.0,2,1
The young girls sighed as they were tired from dancing on Tik Tok. ,A3G1X3IP2VM4IK,2.0,2,0
Her culture was known to celebrate on that day.,A1KRDCZ1YYBUIZ,1.0,1,1
We were interested in the Asian exhibits. ,A1X84CLJ7N1PLZ,1.0,2,0
Choose your culture wisely.,A141B3S3ZLY8DI,2.0,2,0
The culture dictates the rules.,A1BDJMFP24FBGL,1.0,1,0
the show told me about culture,A3F34OE3VQ7W0V,1.0,2,0
Minority cultures assimilate into the dominant culture over time.,A2BQ5JORLYGZMV,2.0,2,0
We are celebrating Christmas ,A3ONF400XL2Y9U,1.0,1,0
Downtown is full of culture.,A2HDZE2L9EX2SY,1.0,1,0
Americans are mindconrolled by NBA,A2EY0J9LOPU3TU,1.0,2,1
Pop culture is unimportant in the grand scheme of things.,A20SXG1DHDIDI7,1.0,1,0
The culture exhibit was victimized by vandalism,A2Y81T0DIFJ866,1.0,2,1
I really enjoy embracing my culture and uplifting those who do as well ,A2MF4QDKE40KVN,1.0,1,0
we all have different cultures,A7Z6P6K85HX54,1.0,2,0
Culture varies across our country.,A2PY9UB56M2PP2,1.0,1,0
American culture is in decline. ,A2JUTTLDE5LGHH,1.0,2,0
The french has an unique culture,A2F58OOW7K3DD2,1.0,1,0
It was in Marvin culture to celebrate different holiday.,A1QW2XUJ7KZCV5,2.0,2,0
They just always do things the wrong way. ,A3G3TIX6FEMN8R,2.0,2,0
Cats don like to eat asparagus.,A2DDPSXH2X96RF,1.0,1,0
I love the culture,A2BZY06YRWGEDL,2.0,1,0
The trend was popular among teens.,A1C8FN01981A69,2.0,2,0
 Chinese is sub-category of Asian.,A2DU76P3SED4T6,2.0,1,0
I wanted to be at the top of culture,AYSX5GNO640MZ,1.0,1,0
I made my mother famous Italian dish for my friends.,A2R30HQXQN76IC,1.0,1,0
Some say culture is dead in the 21st century.,AMDUEMZUK9GJC,1.0,1,0
The walls were covered in vibrant grafitti.,A2WS07SCLNP1GV,1.0,2,1
Culture has become very large separator among society today. ,A3V3LIPOU53GZQ,2.0,2,0
I ve never been to Safari before.,AQDA6OMC4W5V8,1.0,2,0
Billy has learned lot about his culture.,A1K3VCFF62LIO2,2.0,1,0
Culture plays huge role in how we see ourselves.,A2AFAWJX5LTUVN,2.0,1,0
The new rock band is going to be touring soon.,AW8JVJQNLTXND,2.0,1,0
Observing culture is important in society.,A26ZENZ5G8AEGM,1.0,1,0
The character of nation is reflected by its culture.,A3Q9H7A8J8GR01,1.0,2,1
The natives had culture that recognized adulthood at age 12. ,A2SULQE4M8C3CM,2.0,2,0
Culture shapes relationships amongst people.,A2LDDDJ4WBKB8Y,1.0,1,0
The Mayan culture is very interesting topic to read,A2VJ27EN5W4MU,1.0,2,0
She is learning about the culture.,A1SBWRAOJBEFIM,1.0,1,0
CULTURE BUILT EVERY TRADITION IN A COMMUNITY.,A12JQZP4XVOABB,2.0,2,0
I attend cultural show,AE5138F868GYB,1.0,1,0
I believe culture is benefit to society.,AY2L2CZ6OKNEA,2.0,1,0
Cheeseburgers are eaten by Americans.,A2S7LNJG767XIU,1.0,2,1
"To Dalton, the meaning of culture includes language, arts, cuisine, music, social habits and religions.",A370S3V5OUNP4E,1.0,1,0
He was going to date outside of his culture.,A2ZKKOPPN3AX2G,1.0,2,0
Culture today is out of hand.,AH7I3K3OJKA5L,2.0,1,0
Teens love alternative music.,A5BCSSPC180AG,2.0,2,0
The culture of the country is not inviting.,A1TO9C7AZND1VO,1.0,1,0
I wonder about her culture.,AE0C5U5HZ7WR9,2.0,2,0
I teach American Culture at junior college in my state.,A1D4RC6K6Y5KAV,2.0,1,0
I am celebrating Christmas with my family because I grew up in the western culture.,A345TDMHP3DQ3G,1.0,1,0
Their culture was hard to discover ,A1U5UPSCURNRAA,2.0,2,0
It is very important to learn about Culture.,A18UTX5FD7NPRV,2.0,1,0
There had been great deal of hand wringing about the decline in our culture. ,A3T79IEUFBB473,2.0,2,0
Music effects everyone.,A3HKD5JYXYBK5Q,1.0,1,0
Cultures are part of yogurt.,A3MSMV01T3S53S,2.0,1,0
I loved experiencing the Italian culture when I was there.,A2JAE9P7FQXU2T,2.0,2,0
Everyone has different and exciting culture.,A23K77HMD9APAJ,1.0,1,0
Culture gives unique personality to many countries. ,A322UHGPRL2UWO,2.0,1,0
The Mayan beliefe were of future that would end in 2012.,A1EDKVYT9ZCGUH,2.0,2,0
I come from long line of Irish Heritage.,A3CX8S6Q0QEW8E,1.0,1,0
The culture was already discussed in the book.,AYX9OCFWBM939,2.0,2,1
They had gone to temple to learn about her culture.,A1HNB2243A2PQH,2.0,2,0
Culture has always been an interesting topic to study.,A1Y38T7IZWJQAE,2.0,2,0
The business was made slow by the pandemic.,A3ATU3VULAB7K2,2.0,2,1
I want new business card.,A1CTJ8UT7SF317,1.0,1,0
I don know much about business.,A327Q0Y175MEH7,1.0,1,0
The store owner had to close for the winter.,A19TD2J8506A4Y,1.0,2,0
The CEO has just reviewed the financial statements.,A2DDXYTEVDV5F5,1.0,1,0
I wish the stocks would go up. ,AJ9O2ZA0E8UDZ,2.0,2,0
They invested wisely.,AYXXMHLZRAPF9,1.0,1,0
Business is in shambles right now.,A3M0L33TPD346S,1.0,1,0
The boom in the economy was led by business.,A33GB614ST7J82,1.0,2,1
 The company worked hard to be the top in their field., COPIEDAKHKMEPXX1YZ9,2.0,1,0
Profits increased this fiscal year.,A23273YME4RCEB,1.0,1,0
The business was fined for operating without license.,A3O4WYGKH31OX,1.0,2,1
The entire meal was paid for by my boss.,A3NLSGHK6RFXA8,1.0,2,1
Joe attended the business meeting.,AOJF7CPZVK5U3,1.0,1,0
The stock market was paid attention to.,A154ZJKRSX6847,1.0,2,1
Business interests are regulated by the federal government.,A3FXVNZ5VG98IP,1.0,2,1
I started my own small business when I was very young.,AYXN53TNFG71P,1.0,1,0
The meeting was rescheduled for tomorrow. ,AMUKX1DM4ASA7,1.0,2,1
China is great place to travel to.,AFE7E450NETF2,1.0,1,0
BUSINESS MEN NOT FINE ALL THE TIME. ,A2DLZ9PK82J8L2,1.0,1,0
Business is cut throat sport. ,ARON01UO1YK7I,2.0,2,0
Local retail stores are great convenience. ,A3RNGN5WLE1OBU,1.0,1,0
I wish I was able to get more money at the bank.,A1ZZETG57T5D5X,2.0,2,0
Business is very interesting ,A2Z75NJBZ46RE9,1.0,1,0
Big Business was sued by the government.,A1CI5U3BLQ2DDS,1.0,2,1
 Business is good for the economy. ,A1CI5U3BLQ2DDS ,1.0,1,0
The salesperson demonstrated his company products in meeting. ,ATSNZCC16HIOI,1.0,1,0
I want to own business ,A1SWGSFIMZJQE,2.0,2,0
Business is very broad category. ,A33UZLF8WW0DV1,2.0,2,0
Schedule all orientation meetings today before leaving the office.,A39GP79ULCP9J2,1.0,1,0
Business was good.,A2X5BYJKVKSYQQ,1.0,1,0
She didn know how to organize the business ,A12S5JDG2D5HEW,2.0,2,0
I am buying stock today.,A1FAQI8VXLAMBM,2.0,1,0
The award was won by the top business.,A3P1QF00PF2DF9,1.0,2,1
I am looking for business to start up.,A16ZLWV0QUJP65,2.0,1,0
Purdue Pharma settled the lawsuit with billions of dollars.,AOJD8D9NXVAR3,1.0,1,0
That business has been closed for awhile.,A1ZLWV0QUJP65,2.0,2,1
Jamal is fantastic business man. ,AAL5LUI5U3NAV,1.0,1,0
Her business is of no concern of mine. ,A1TK1M16KJJKEO,1.0,2,0
I work for large business,A79XOBCSS4NTG,1.0,1,0
Business is hard.,A2O3IWIVOZD4S7,1.0,1,0
Business is major at most colleges and universities.,A2SVKAI2PNTS79,2.0,2,0
I closed this business.,A2O3IWIVOZD4S7,1.0,1,0
The business was shown new idea.,A2VNR6984SDFGQ,1.0,2,1
The market was down. ,A3CLBF224TRYC9,1.0,2,0
The girl entered the business located on Main Street.,A8TLS2F8LFQ68,1.0,1,0
The business is open today. ,AIJPLVW0ULYTH,2.0,1,0
I sure hadn wanted to visit that apple store since it was so busy.,A3CX0LXFHZ6I3I,1.0,2,0
I ll start my business in the next few weeks.,A2LEBJWW395FST,1.0,1,0
The fundraiser for the business brought in lot of money.,AFTSLCMJASJDR,1.0,2,0
Her background was in Business,AA0EJ752F121Q,2.0,2,0
The Business closed its doors promptly at 5pm.,A2VN0R4EGGV7KE,2.0,1,0
I went to work today and it was long day.,AJKA9BKC011F2,2.0,1,0
My family business is affected by the pandemic. ,A2X823PACMMOKP,1.0,1,1
I am leaving this business.,ALG1XBLARJ545,1.0,2,0
The business was robbed during the night.,A2SKOPFTRTNFUY,1.0,2,1
Dressing up is required to attend meeting.,A347NXF6NQGM5G,1.0,2,0
The business is doing well,AFRKVRPZ2RHY8,1.0,2,0
I am taking Business course and enjoying all that I am learning.,A2OZKKX2O0YTLD,2.0,1,0
I called them and got the sale ,A240OTT1T85UGT,1.0,1,0
My contributions to the business were not recognized by my father. ,A55E4CZQLYYO3,2.0,2,1
The accountant met with the lawyer.,A3QNSOORS63W0D,2.0,1,0
Business creates opportunity.,A63XZD0XGIMAI,1.0,1,0
Long lunches are often taken when having business meetings.,A2ONKY3JGB34T3,1.0,2,1
The CEO made all final decisions for the company.,AOJD8D9NXVAR3,1.0,1,0
Business grows with society.,A33B85TN97HQ33,1.0,1,0
Sprint was bought out by T-Mobile.,A3J72C0SIACZBS,1.0,2,1
Is is expected that business will be good this year.,AW3PWVBIGPNAA,1.0,2,1
The business is thriving.,AC95JAUAM2L2Z,1.0,1,0
There no business like show business.,AFE7E450NETF2,1.0,2,0
I am into business,AXR1QGU4KTMSZ,1.0,1,0
The company was involved in community service.,COPIEDAKHKMEPXX1YZ9,2.0,2,0
Business is booming,AOZBPO12UMPUY,1.0,1,0
Business is booming ,A1JSPB0XCFUUG1,2.0,1,0
The accountant was fired.,A2VAG94W4SK18C,1.0,2,1
Business is no fun but it worth it.,A2GIT09BQEUM9M,,1,0
Business was taken over. ,A162CO8K267FU8,1.0,2,1
I keep track of my own orders. ,A3S9ASZKIIJ3WF,2.0,1,0
Business makes the world go round.,A3JUAN2Y9XTK5L,2.0,1,0
He opened the business 10 years ago.,A23FK9ROU01U4D,2.0,2,0
The business is not doing well,A79XOBCSS4NTG,1.0,2,0
The firm was able to make ton of money this quarter. ,AU34Y1DWWQ47O,1.0,1,0
i owned my business,A2TWX0MB777CAB,2.0,2,0
Business can be very challenging at times.,A1HYNGG8LZUV47,2.0,1,0
The business did not meet the state protocols to remain operational.,AQDBBBTN8NE9X,2.0,2,0
Business was boring subject.,A36G7I51D5O1M4,2.0,2,0
His business suffered due to the economy.,COPIEDAPV3GK8ZEXB0J,1.0,1,0
I take many business trips.,A38LW34F26WBJY,1.0,1,0
I run my business online,A35TZ4YGDSXSEC,1.0,1,0
Stock prices were mixed after investors faced uncertainty.,A37CSK5QI41636,1.0,2,0
It is time to close the doors on this business. ,ACIWLS3IQPV1J,2.0,1,0
My mom was doing taxes as I watched tv.,A1N274L13ZKKI5,1.0,2,0
This business is profitable every year.,A3NG205QJ48IM4,1.0,1,0
My cousin got degree in Business.,A2I6YPPQK6BU09,1.0,1,0
This business is failing fast. ,A1H4MYPDJ2K3VI,2.0,1,0
Salaries were reduced by the CEO.,A15B294KHVGPFV,1.0,2,1
I really hate Apple,A3774HPOUKYTX7,1.0,1,0
They are growing the business.,ARTARDCXLJ5H6,2.0,2,0
The DOW is up.,A2RCUR9HJ9D0UQ,1.0,2,0
I studied business in college.,AO9AKYPPGGGZ4,2.0,1,0
I am an important business man,ADIW4L4IGU98R,1.0,1,0
My daily activity involves running my own business.,A34IZFOSHOZ4GN,1.0,1,0
I invested ton of money in stocks. ,A11ILN5YSUDVG8,1.0,1,0
The presentation from today meeting was developed by the business manager.,A13CFYL1AW272Y,1.0,2,1
The corporation as whole was damaged significantly by the CEO scandal.,AAFM5PPF9P0W,1.0,2,1
I enjoy working here. ,A20P819KPQWCK0,1.0,1,0
The CEO opinion was not heard by the board.,A2OKJSKQFMCZTP,1.0,2,1
I own my own business.,AM0FRMVODTMXA,1.0,1,0
I am going to business meeting in one hour. ,A2WSYQ5TS09U1,1.0,1,0
I am activating my bank account today.,A1FAQI8VXLAMBM,2.0,1,0
Businesses are very important for the market.,A3C9B757QTE20C,2.0,1,0
Business is conducted within the hours of 0900-1700,AK70USZXEJSF3,2.0,2,1
My business is very important.,A3BWZ6V34W8SXX,2.0,1,0
Comic shops were more viable business before the pandemic. ,A3U6RDG7BLH6YZ,2.0,1,0
Today business world is suffering because of the pandemic.,A2HUWXLMG214BI,2.0,2,0
The bakery was happy with all of it satisfied customers.,A16DIQCMNWPBAN,2.0,2,0
I think his business is pretty successful. ,A357ADRGNGMMKC,1.0,1,0
Their business is secret.,A3V2HVY764HJS4,2.0,1,0
The business man was sent home because he had fever,A2W5PAZJG6X8Q8,2.0,2,1
In business it is easy to become millionaire.,A118RTS8BOFIH7,1.0,1,0
The contract was not signed by the business.,A31CNXHGR49DJR,1.0,2,1
Business is very volatile,A3OM2ZQ7FUDTIN,1.0,1,0
"We had business to deal with first, then pleasure.",A3PSV85ZUXP9VF,2.0,2,0
I lost all my money from my pizza business,A3G11HOZ5PCWOH,2.0,2,0
Businesses suck the money out of folk wallets. ,A33ELVLU0NX9N9,1.0,1,0
The CEO has an office in an high rise.,A2W434UNNBRS4L,1.0,2,0
I am in the process of purchasing new car.,A2EW08X2I87RXL,2.0,1,0
More than 300 employees of the company were laid off on Friday. ,AHTWQSOY6HTJI,1.0,2,1
That meeting made me feel so nervous.,A16Y5JEB1EF9CY,1.0,2,0
Business is not very fun.,A3M0L33TPD346S,2.0,2,0
The CEO of that company earned very high bonus this year.,AY4KZOUEZ8BAM,1.0,1,0
Business is in the heart of commerce.,A14Z1JSAR9JEON,1.0,2,0
Mind you business and stay outta mines.,A3M2Q7EZCJ85GE,2.0,2,0
His business grew to hugh success over night. ,A36W1PIV68AE5KÔÉÖ,2.0,2,0
I would like to receive payment for my private business.,ANR81FZBHHR0F,1.0,1,0
The business closed after their hours of operation.,A2UOOBZQ5L2EL1,2.0,2,0
Keeping his business is what keeps Steve working so hard.,j2wj0096lt,2.0,1,0
WE are skyrocketing ,A3NUGUAMBKYMZY,1.0,1,0
Business has been bad lately.,A33TBDS0UALKW2,1.0,1,0
The company was taken over by its competitor.,A2BT7QVGXJKFKI,1.0,2,1
Amy studies accounting daily and is quite good at it.,A39J8MSTUDVH0D,1.0,1,0
Our business has been slow this year.,A15X9KAJB8M54B,2.0,2,0
Business is the engine of capitalism.,A1CRE2Z623JZ6V,2.0,1,0
The chairman of the board was fired due to lack of sails.,A3H8A6SSZH6MQQ,2.0,2,1
Business was not the prime interest of the family meeting.,A2137K4XEU12TI,1.0,2,0
Leaders of business often give speeches and workshops to teach people new to the workforce.,AMFIHFK9N0OVK,2.0,1,0
I am starting my own business.,A1JAWNX4R60ZZ0,1.0,1,0
I actively invest in the stock market.,A1MPJYJCUAOFOB,1.0,1,0
She was told business is necessary.,A3HT6YYXPBRKN3,2.0,2,1
My business will excel with the right mentors.,A3V9UGWBPDRFSG,1.0,1,0
The shareholders were satisfied with the bosses news about opening new business.,A1ZJ3TU4QJIKLY,2.0,2,1
Business is very well known career field.,A129LL7SYP8EOE,2.0,1,0
The local Chamber of Commerce was founded in 1952.,A2VUF0V7HT51Q3,1.0,2,1
I never got into business.,A3IB7YJHP04OHI,2.0,2,0
The business is doing really well.,A13DHPKBQXN9R7,2.0,1,0
The business world has had to adapt to many changes.,A1B3K5W6NZ03U2,1.0,1,0
The businesses had been opened in 2019.,A29KJK7GPUF3OT,1.0,2,1
The business was in jeopardy.,A26A77APE2SUR5,2.0,2,0
My business is much more successful than most.,A8BSFVAPZBIUS ,1.0,1,0
I am going to get those books done.,A1ADRYNCJIRFOO,1.0,1,0
Those items were sold by the top salesperson in the company.,A1PAN54I7HWSZI,1.0,2,1
They are closing down their business.,AS8JG1LSWTMGY,2.0,2,0
Business will pick-up as more people get their vaccine.,A25D8WXH1F4CG9,1.0,1,0
I lost my business when the economy fell. ,A1TK1M16KJJKEO,1.0,2,0
Len majored in business in university.,A1282WX3YWXM6E,2.0,1,0
I AM GOING TO EAT AT THE LOCAL SUSHI RESTAURANT TONIGHT,A3SUUPLFBSG1T9,1.0,1,0
Business was done as usual.,A2T6EBB0Z6TQZS  ,1.0,2,1
The man made sale that went bad. ,A3G1X3IP2VM4IK,2.0,2,0
She was seeking position as manager in business.,A1KRDCZ1YYBUIZ,1.0,1,0
We were looking at business sites. ,A1X84CLJ7N1PLZ,1.0,2,0
Business has been good.,A141B3S3ZLY8DI,2.0,2,0
The business was filing for bankruptcy.,A1BDJMFP24FBGL,1.0,1,0
the man suceeded greatly at his business,A3F34OE3VQ7W0V,1.0,2,0
A small business was bought out by large company.,A2BQ5JORLYGZMV,2.0,2,1
The business is blooming ,A3ONF400XL2Y9U,1.0,1,0
Our business is stressful.,A2HDZE2L9EX2SY,1.0,1,0
business was shut down,A2EY0J9LOPU3TU,1.0,2,1
The business of marketing is highly profitable.,A20SXG1DHDIDI7,1.0,1,0
The old business had been subsumed by the new merger,A2Y81T0DIFJ866,1.0,2,1
One of my goals is to have my own Business in the near future ,A2MF4QDKE40KVN,1.0,1,0
I own my business for two years,A7Z6P6K85HX54,1.0,2,0
Business is booming.,A2PY9UB56M2PP2,1.0,1,0
The business is under pressure due to the pandemic. ,A2JUTTLDE5LGHH,1.0,2,0
I have an interest in Business,A2F58OOW7K3DD2,1.0,1,0
Monica was driven to the store last night.,A1QW2XUJ7KZCV5,2.0,2,1
I would ve done it differently. ,A3G3TIX6FEMN8R,2.0,2,0
The bath is far too hot for me to bathe.,A2DDPSXH2X96RF,1.0,1,0
Business is going great,A2BZY06YRWGEDL,2.0,1,0
Stocks were sold by the company before the end of the quarter. ,A1C8FN01981A69,2.0,2,1
"When will people return to the office, after COVID-19 ",A2DU76P3SED4T6,2.0,1,0
I will open my own business one day,AYSX5GNO640MZ,1.0,1,0
Jeff and Gary agreed on the merger and shook hands.,A2R30HQXQN76IC,1.0,1,0
A group of businessmen were gathered at the bar.,AMDUEMZUK9GJC,1.0,1,1
Clients were given itemized invoices.,A2WS07SCLNP1GV,1.0,2,1
Many businesses were shut down during the Covid pandemic. ,A3V3LIPOU53GZQ,2.0,2,1
The CEO wanted to gather the employee together.,AQDA6OMC4W5V8,1.0,2,0
The supervisor read the memo and asked the employees questions.,A1K3VCFF62LIO2,2.0,1,0
The business reopened after two months of lockdown.,A2AFAWJX5LTUVN,2.0,1,0
The new information for the banking regulations will be delivered this afternoon.,AW8JVJQNLTXND,2.0,1,1
Investing in the company is lucretive.,A26ZENZ5G8AEGM,1.0,1,0
Lot of economic growth is provided by businesses.,A3Q9H7A8J8GR01,1.0,2,1
The business recognized its error and made retribution. ,A2SULQE4M8C3CM,2.0,2,0
Business influences politicians.,A2LDDDJ4WBKB8Y,1.0,1,0
Companies enjoy making good profit from the businesses they run.,A2VJ27EN5W4MU,1.0,2,0
The man is starting business.,A1SBWRAOJBEFIM,1.0,1,0
BUSSINESS ARE DEVELOP THROUGH A SIMPLE IDEA.,A12JQZP4XVOABB,2.0,2,0
he is busy in business,AE5138F868GYB,1.0,1,0
Business will grow to offset the cost of living.,AY2L2CZ6OKNEA,2.0,1,0
The income was totaled by the Accountant. ,A2S7LNJG767XIU,1.0,2,1
The business dedicates long hours to helping those in need.,A370S3V5OUNP4E,1.0,1,0
He was going to apply there.,A2ZKKOPPN3AX2G,1.0,2,0
I have business in the city.,AH7I3K3OJKA5L,2.0,1,0
Companies merge with other companies.,A5BCSSPC180AG,2.0,2,0
The business will go under very soon.,A1TO9C7AZND1VO,1.0,1,0
I wonder if business is good.,AE0C5U5HZ7WR9,2.0,2,0
The newest business to spring during the Pandemic is Home Delivery.,A1D4RC6K6Y5KAV,2.0,1,0
I started my own business.,A345TDMHP3DQ3G,1.0,1,0
Business was going well,A1U5UPSCURNRAA,2.0,2,0
Business is booming this month ,A18UTX5FD7NPRV,2.0,1,0
CEOS were not given much notice before firing. ,A3T79IEUFBB473,2.0,2,1
The accountant showed his work at the meeting.,A3HKD5JYXYBK5Q,1.0,1,0
Business is questionable these days.,A3MSMV01T3S53S,2.0,1,0
He had his own business for 20 years.,A2JAE9P7FQXU2T,2.0,2,0
I started business recently that is going so great so far ,A23K77HMD9APAJ,1.0,1,0
A business thrives when managed responsibly. ,A322UHGPRL2UWO,2.0,1,0
The shareholders were not satisfied by the CEO explanations,A1EDKVYT9ZCGUH,2.0,2,1
I would mind what you are doing in this meeting.,A3CX8S6Q0QEW8E,1.0,1,0
I had no business doing that.,AYX9OCFWBM939,2.0,2,0
They had good business sales then.,A1HNB2243A2PQH,2.0,2,0
I had never understood many aspects of business.,A1Y38T7IZWJQAE,2.0,2,0
